currentDataSet	currentTime	freeRadicalsFactor	tourneySize	initialTemp	minTemp	minDepth	minInitialWidth	maxInitialWidth	earlyLeafProb	constProb	maxAvgForResult	popSize	maxGen	initCp	stepCp	initMp	stepMp	eval	duration	foo
exp,csv	0	0,15	3	100	1	3	2	10	400	400	10000000000000000000000000000000000000000	200	50	600	10	300	10	160257311162266000000000000	9 minutes, 36,704 seconds	0,9999999771824299 * EXP(MIN(x, x, x))
exp,csv	0	0,15	3	100	1	3	2	10	600	400	10000	100	50	800	10	300	10	410469640200541000000000000000	4 minutes, 32,925 seconds	0,9999988452154067 * ABS(EXP(x))
exp,csv	1	0,15	3	100	1	3	2	10	400	400	10000	100	50	600	10	300	10	579718097117936000000000000000	4 minutes, 41,301 seconds	0,041582396224990756 * DIV(EXP(x), ABS(0,04158233915894165))
exp,csv	1	0,15	3	100	1	3	2	10	400	400	10000000000000000000000000000000000000000	200	50	600	10	300	50	1359418930223220000000000000000	30 minutes, 5,030 seconds	1,00000210153737 * EXP(MAX(x, x, x, x, x, x))
exp,csv	0	0,15	3	100	1	3	2	10	400	400	10000000000000000000000000000000000000000	200	50	800	50	300	10	4202778956212140000000000000000	18 minutes, 45,576 seconds	1,0000036951216016 * MAX(ABS(x), EXP(x), EXP(-4,2441696911657475E48))
exp,csv	1	0,15	2	100	1	3	2	10	400	400	10000	100	50	800	10	300	10	4843397142204530000000000000000	7 minutes, 56,863 seconds	0,9999960332438733 * EXP(MAX(x, x, x, -1,834609664578333E44, x, x, x, x, x))
exp,csv	0	0,15	5	100	1	3	2	10	400	400	10000	100	50	800	10	300	10	5075414392102150000000000000000	12 minutes, 36,401 seconds	1,0000041048682045 * SUBTRACT(EXP(x), 3,5664108425294695E-11, LESS_THAN(-1,6230107313328238E-21, x), MAX(x, x, x, 3,278348824387355E14, -3,0014966007601583E8, x, 2193025,0685738036), SUBTRACT(x, x, x, -5,612225800432084E12), x, x)
exp,csv	0	0,15	3	100	1	3	2	10	400	400	10000000000000000000000000000000000000000	200	50	800	10	300	10	6790319524334370000000000000000	11 minutes, 32,247 seconds	0,9999953031621627 * MAX(EXP(x), SIGN(x))
exp,csv	1	0,15	3	100	1	3	2	10	400	200	10000	100	50	800	10	300	10	6924105310866530000000000000000	4 minutes, 3,878 seconds	-1,0000047428817052 * SUBTRACT(x, EXP(x))
exp,csv	0	0,15	3	100	1	3	2	10	400	400	10000	200	50	800	10	300	10	7789083162515930000000000000000	6 minutes, 29,784 seconds	1,0000050304128671 * EXP(MAX(x, x, x, x))
exp,csv	2	0,05	2	100	1	3	2	10	400	400	10000	100	50	800	10	300	10	14838830086032300000000000000000	5 minutes, 18,771 seconds	-1,0158444372115993 * PRODUCT(EXP(x), SIN(-1,7476855171640446))
exp,csv	0	0,15	3	100	1	3	2	10	400	200	10000	100	50	800	10	300	10	22476466454246600000000000000000	12 minutes, 14,287 seconds	1,000008545244211 * MAX(SQRT(x), SIGN(x), x, LESS_THAN(x, x), DIV(x, x), MAX(x, x, x, x, x), EXP(x))
exp,csv	1	0,15	3	100	1	3	2	10	400	400	10000000000000000000000000000000000000000	200	50	800	50	300	10	34645310952174400000000000000000	9 minutes, 37,588 seconds	1,0000106092013614 * ABS(EXP(x))
exp,csv	1	0,15	3	100	1	3	2	10	400	400	10000000000000000000000000000000000000000	200	50	600	50	300	10	34816882443502700000000000000000	10 minutes, 31,250 seconds	0,999989364561487 * EXP(MIN(x, x))
exp,csv	1	0,15	3	100	1	3	2	10	400	400	10000000000000000000000000000000000000000	200	50	800	10	300	10	41836062791526100000000000000000	12 minutes, 30,396 seconds	0,9999883416829021 * MAX(MAX(x, x, x), x, EXP(x))
exp,csv	1	0,15	3	100	1	3	3	5	400	400	10000	100	50	800	10	300	10	46599873587483000000000000000000	4 minutes, 47,807 seconds	0,9999876958156375 * EXP(MAX(x, x, x))
exp,csv	0	0,15	3	100	1	3	2	10	400	400	10000000000000000000000000000000000000000	200	50	600	50	300	10	54017702063968400000000000000000	10 minutes, 38,867 seconds	1,0000132473348229 * SUBTRACT(EXP(x), x)
exp,csv	0	0,15	3	1000	10	3	2	10	400	400	10000	100	50	800	10	300	10	55881406511253500000000000000000	5 minutes, 4,643 seconds	1,0000134739249762 * EXP(MAX(x, x, x))
exp,csv	1	1	2	100	1	3	2	10	400	400	10000	100	50	800	10	300	10	75894413005287100000000000000000	4 minutes, 38,666 seconds	0,9999842976243176 * MAX(SQRT(x), EXP(x), SQRT(x))
exp,csv	1	0,05	5	100	1	3	2	10	400	400	10000	100	50	800	10	300	10	95493855742125700000000000000000	8 minutes, 1,287 seconds	0,9999823863981456 * EXP(MAX(-682,019944745639, x, x, x, x, x))
exp,csv	1	0,15	3	100	1	3	2	10	400	400	10000	100	50	800	10	300	50	107332488718822000000000000000000	5 minutes, 56,515 seconds	0,9999811231700093 * SUM(ABS(-8,095313987147856E13), 1,4520256355233805E15, EXP(x))
exp,csv	1	0,15	3	100	1	3	2	10	400	400	10000000000000000000000000000000000000000	50	50	800	10	300	10	123770658490739000000000000000000	4 minutes, 46,891 seconds	0,9999799474636943 * ABS(EXP(x))
exp,csv	1	0,15	3	1000	10	3	2	10	400	400	10000	100	50	800	10	300	10	132718974846598000000000000000000	5 minutes, 44,018 seconds	0,9999790091524758 * SUM(SUM(1,622372565732334E15, -441558,1210506223, 7,81003824917171E13, 4,220835629311217E12, x, x), MAX(x, 3,050545502768216E8), EXP(x))
exp,csv	1	0,05	3	100	1	3	2	10	400	400	10000	100	50	800	10	300	10	137044440690385000000000000000000	13 minutes, 47,046 seconds	0,9999786698369073 * SUM(DIV(x, x), EXP(x), -1,0063094283355162E-12, LESS_THAN(3,0604140572182846E9, x), SIGN(x), SUBTRACT(6,58382889356685E14, x, -1,0739314398279325E15), x, -6,509820923409848E10)
exp,csv	1	0,15	3	100	1	3	2	10	400	400	10000	100	50	800	10	300	10	142882750432419000000000000000000	7 minutes, 24,514 seconds	1,000021779773829 * SUM(x, EXP(x), DIV(4,9750851260535693E11, -2,812955839714207E-4), x)
exp,csv	1	0,15	3	100	1	3	2	10	400	400	10000000000000000000000000000000000000000	200	50	600	10	300	10	161004254556074000000000000000000	14 minutes, 28,427 seconds	1,0000228706831265 * EXP(MAX(x, x, x, x, 4,976284576275683E-9, x, x, -1,1713068272432746E-16, x))
exp,csv	0	0,15	3	100	1	3	3	5	400	400	10000	100	50	800	10	300	10	166114775274917000000000000000000	8 minutes, 53,348 seconds	1,0000232308227965 * MAX(EXP(x), COS(x), EXP(x), TANH(x))
exp,csv	1	0,15	5	100	1	3	2	10	400	400	10000	100	50	800	10	300	10	168803190607517000000000000000000	5 minutes, 0,941 seconds	-0,3792667370903694 * DIV(EXP(x), -0,37925785560977454)
exp,csv	0	0,15	2	100	1	3	2	10	400	400	10000	100	50	800	10	300	10	177497161763140000000000000000000	8 minutes, 56,201 seconds	0,9999757250037775 * SUM(DIV(1,124208404672453E29, -1,1222745217468965E33), ABS(-1,971806188531251E15), x, EXP(x))
exp,csv	0	0,15	3	100	1	3	2	10	400	400	10000000000000000000000000000000000000000	50	50	800	10	300	10	199708512008352000000000000000000	2 minutes, 27,714 seconds	0,999974528252058 * ABS(EXP(x))
exp,csv	0	0,15	3	100	1	3	2	10	400	400	10000	100	50	800	10	300	10	214798373500908000000000000000000	6 minutes, 13,061 seconds	1,0000264165412798 * MAX(PRODUCT(x, x, x, x), TANH(x), EXP(x))
exp,csv	1	0,15	3	100	1	3	2	10	400	400	10000	100	50	800	10	100	50	223236546036973000000000000000000	11 minutes, 1,266 seconds	1,0000296935606454 * SUM(EXP(x), x, MIN(3,133907572465084E38, x, x, x, x), PRODUCT(1686,2314188949067, -2232161,4717407133, x, x, x, x), LN(4,306781596599423E37), SIGN(x), ABS(-2,479791711304457E15))
exp,csv	0	0,05	3	100	1	3	2	10	400	400	10000	100	50	800	10	300	10	224101512910841000000000000000000	3 minutes, 30,267 seconds	0,9999730174584314 * ABS(EXP(x))
exp,csv	0	0,15	3	100	1	3	2	10	400	400	10000000000000000000000000000000000000000	200	50	600	10	100	50	230363674345307000000000000000000	9 minutes, 56,237 seconds	1,0000276547961993 * SUM(EXP(x), LN(8,192348777310902E41), -2,24673917021366E15)
exp,csv	1	0,15	3	100	1	3	2	10	400	400	10000000000000000000000000000000000000000	200	50	600	10	100	50	255924664990977000000000000000000	17 minutes, 35,165 seconds	-0,9999711612929145 * SUBTRACT(DIV(-1,4733331854695915E15, x), x, EXP(x))
exp,csv	0	0,15	3	100	1	3	2	10	200	400	10000	100	50	800	10	300	10	298466491027146000000000000000000	10 minutes, 43,197 seconds	1,0000314782988773 * SUM(EXP(x), COS(x), -2,555967955953236E15, SIGN(x), SQRT(x), TANH(x), COS(x))
exp,csv	0	0,05	2	100	1	3	2	10	400	400	10000	100	50	800	10	300	10	308396131937651000000000000000000	4 minutes, 29,944 seconds	1,0000316530032016 * ABS(EXP(x))
exp,csv	0	0,15	3	100	1	3	2	10	400	400	10000	50	50	800	10	300	10	442900441056670000000000000000000	2 minutes, 42,781 seconds	0,9999620673209075 * SUM(EXP(x), COS(x))
exp,csv	0	0,15	3	100	1	3	2	10	400	400	10000	100	50	600	50	300	10	536109089251138000000000000000000	9 minutes, 59,414 seconds	-1,0000421881080772 * SUBTRACT(x, DIV(0,0015400711416526203, 5,6648889395624265E-9), DIV(4,962737937542707, -1,448565230879872E-15), ABS(-7,829000025728134E-11), EXP(x))
exp,csv	1	0,5	2	100	1	3	2	10	400	400	10000	100	50	800	10	300	10	989787060116195000000000000000000	8 minutes, 43,152 seconds	1,0000567063046093 * EXP(MAX(-170,455144193087, x, x, 5,993354129785943, -9,228149607523818E-4, x, x, x))
exp,csv	1	0,05	2	100	1	3	2	10	400	400	10000	100	50	800	10	300	10	1052069445758400000000000000000000	5 minutes, 10,263 seconds	0,999941536789009 * EXP(MAX(x, -2,0706520994895065E59))
exp,csv	0	0,15	3	100	1	3	2	10	400	400	10000000000000000000000000000000000000000	100	50	800	10	300	10	1133789913511580000000000000000000	4 minutes, 9,579 seconds	1,0000613520131507 * SUM(EXP(x), -5,052120147456804E15)
exp,csv	1	0,15	3	100	1	3	2	10	200	400	10000	100	50	800	10	300	10	1151400538621480000000000000000000	4 minutes, 58,239 seconds	0,9999388391271595 * EXP(MAX(x, x, x))
exp,csv	0	0,15	3	100	1	3	2	10	400	400	10000	100	50	800	50	300	10	1326251827149580000000000000000000	11 minutes, 26,069 seconds	-0,5000331777145748 * SUBTRACT(MIN(-1,9554899682143935E-35, -2,7403892667504656E-44, x, x, 3,416552310416089E-27), EXP(x), -1,0777745663293892E16, EXP(x), EXP(-1,3128127255268105E-28), x)
exp,csv	0	0,5	2	100	1	3	2	10	400	400	10000	100	50	800	10	300	10	1388926532861680000000000000000000	11 minutes, 31,292 seconds	1,0000759444927638 * SUM(MAX(x, x, x, x), EXP(x), PRODUCT(x, 544,8411919365744, x, x, x, -7856,521522700739, x, x), SIN(x), LN(x))
exp,csv	1	0,15	3	100	1	3	2	10	400	700	10000	100	50	800	10	300	10	2073930514961840000000000000000000	4 minutes, 45,831 seconds	-1,000082083820387 * DIV(EXP(x), SIGN(-4,647325688915691E31))
exp,csv	0	0,15	3	100	1	3	2	10	0	400	10000	100	50	800	10	300	10	2589268109426220000000000000000000	9 minutes, 40,645 seconds	0,999907284580158 * SUM(EXP(x), LESS_THAN(x, x), TANH(x), ABS(-7,538923533893154E15), SQRT(-1,5908789527908333E-13), LN(x))
exp,csv	1	0,15	3	100	1	3	2	10	400	400	10000	100	50	800	50	300	10	2735622182997300000000000000000000	9 minutes, 39,900 seconds	0,9999047003022818 * SUM(EXP(x), MAX(x, -3276,4194770827244, x, x, x, 7,74026538032136E15, x, x), x, x, x, SIN(x))
exp,csv	0	0,15	3	100	1	3	2	10	400	400	10000	100	50	800	10	100	50	2806342724190580000000000000000000	17 minutes, 0,487 seconds	1,000096523565536 * SUBTRACT(EXP(x), x, EXP(36,60755059123386), LESS_THAN(x, x), COS(5,988837604735996E9), LN(-5,614682831937051E12), LN(x), x, COS(x))
exp,csv	1	0,15	3	100	1	3	2	10	400	400	10000	50	50	800	10	300	10	3684264859640590000000000000000000	8 minutes, 56,389 seconds	1,000110595864221 * SUBTRACT(EXP(x), SUM(-1,5230887421633296E12, x, x, 7,395600196841868E15, -1,2931777116344005E-14, x, x), LN(x), TANH(-3,9022400985889234E-5), LN(x), MAX(1,5862521466456572E15, x, x, x, 0,26829117090779775, x, 2,204099039460711E-5), x, EXP(-2,3490695984227844E16), x)
exp,csv	0	0,15	3	100	1	3	2	10	400	700	10000	100	50	800	10	300	10	3837353858548960000000000000000000	5 minutes, 46,489 seconds	0,9998786427921411 * SUBTRACT(EXP(x), EXP(-1,5150557373458392E29), PRODUCT(x, -5,03182384980645E11, x, x), -3,3526613183011383E-12, -9,854000065190656E15)
exp,csv	0	0,15	3	100	1	3	2	10	400	400	10000	100	50	600	10	300	10	4117393996418850000000000000000000	11 minutes, 58,094 seconds	-0,9998830838036394 * SUBTRACT(TANH(x), SUBTRACT(9,497733478605982E15, -8,153664790055821E-20, x, x, x, x, x), LESS_THAN(-3,3795442317225953E-31, 1,6150601629014826E-21), x, EXP(x), ABS(1,9142129580494618E-26), EXP(-5,2234401993940745E-21), x)
exp,csv	0	0,15	3	100	1	3	2	10	400	400	10000000000000000000000000000000000000000	200	50	600	10	100	10	4353883117270010000000000000000000	14 minutes, 42,113 seconds	1,0001189320332307 * MAX(SUBTRACT(x, x, x, x), x, PRODUCT(-6,815528638206331E-25, x, x, x, -7,532264719166268E-10, x, x, x), x, EXP(x), SQRT(x))
exp,csv	1	0,15	3	100	1	3	2	10	400	400	10000	100	50	600	50	300	10	4865343820303440000000000000000000	11 minutes, 57,956 seconds	-0,9998729074092516 * SUBTRACT(MIN(x, x, -1,0322713259689416E16, x, -9,765318247914208E-41, x), SQRT(x), EXP(x), MIN(x, 5,502794658741944E-31, 1,984822271389187E-37, x), x)
exp,csv	1	0,15	3	100	1	3	2	10	400	400	10000000000000000000000000000000000000000	200	50	600	10	100	10	6023968838632570000000000000000000	9 minutes, 5,649 seconds	0,9998585819577186 * SUM(SIGN(x), MIN(-2,323455323903547E15, x), -8,219653664456008E-13, x, x, EXP(x), 1,3817372270865904E16)
exp,csv	0	0,15	3	100	1	3	2	10	400	400	10000	100	50	800	10	300	50	7383920905143050000000000000000000	15 minutes, 32,966 seconds	1,000156569434406 * SUBTRACT(EXP(x), ABS(-5,357426336383142E-5), MAX(x, x, x, x, 2,401285135604747E13, x, -0,03591328189034483), x, LN(x), x, 1,2688832346842232E16, SQRT(x))
exp,csv	0	0,15	3	100	1	5	2	10	400	400	10000	100	50	800	10	300	10	10403306212749100000000000000000000	28 minutes, 17,708 seconds	0,9998161574008329 * EXP(MAX(ABS(LN(28,43817262703557)), x, x, MIN(SQRT(x), -0,04667682176236943, -247289,18976194767, 45,50336095782562, EXP(-2,0807255850259618E-5), MIN(x, 0,02942207241394699, x, x, x, x, 32,712395755981504, -4,407074168215877), MAX(x, x, 7,837211374214659E-6, 304,49207228490263, 284,6186051535617, x, -16406,589027685928), LESS_THAN(x, -109,25619052345019), SIGN(-0,022147210748873408)), LN(COS(x)), 4,731022432214889, x))
exp,csv	1	0,15	3	50	1	3	2	10	400	400	10000	100	50	800	10	300	10	12229917813213700000000000000000000	6 minutes, 38,719 seconds	-0,999798499914851 * SUBTRACT(-1,0941443246775312E16, ABS(-5,474738597794732E15), COS(x), -4,93600887008862E13, EXP(x))
exp,csv	1	0,15	3	100	1	3	2	10	400	400	10000	200	50	800	10	300	10	12315264105397700000000000000000000	23 minutes, 36,034 seconds	1,0002254626657985 * SUM(x, x, SIN(x), -1,8333337948259744E16, LESS_THAN(x, x), SIGN(-9,37902666625734E-13), PRODUCT(x, -3175127,620567737, 9,242459398182672E-4, 188485,1463228704, x, x, x, x), EXP(x))
exp,csv	0	0,05	5	100	1	3	2	10	400	400	10000	100	50	800	10	300	10	12328701399861500000000000000000000	8 minutes, 31,436 seconds	1,000200133194519 * EXP(MAX(-5,952421007788574, 0,002103521610147159, x, -663184,3036146896, x, -3,4456235481638268E31, -4,0327662376887256E11, x, x))
exp,csv	0	0,15	3	50	1	3	2	10	400	400	10000	100	50	800	10	300	10	12599025918673600000000000000000000	12 minutes, 49,206 seconds	1,0002045176419818 * SUM(LESS_THAN(-2,0341780629447623E19, x), EXP(x), DIV(-1,955126260270006E15, 0,11592111179270465), x, x, SUBTRACT(x, x, x))
exp,csv	1	0,15	3	100	1	3	5	10	400	400	10000	100	50	800	10	300	10	13172829916772800000000000000000000	13 minutes, 56,653 seconds	0,9997908764190764 * SUM(ABS(x), MAX(x, x, x, x, 9,801910894078594E12), ABS(x), SIGN(x), ABS(x), SUM(x, x, x, 4896344,108212221, x, x, x, 1,697635552058644E16, x), EXP(x), x, LESS_THAN(x, x))
exp,csv	0	1	2	100	1	3	2	10	400	400	10000	100	50	800	10	300	10	13177803229319400000000000000000000	4 minutes, 32,173 seconds	0,999793089767008 * ABS(EXP(x))
exp,csv	1	0,15	3	500	10	3	2	10	400	400	10000	100	50	800	10	300	10	14779289296630100000000000000000000	6 minutes, 30,048 seconds	0,999780877368059 * EXP(MAX(x, x, x, -1,1184448266681409E27, x, 3,5132724552500676, -3,3107767539448324E13, x))
exp,csv	1	0,15	3	100	1	3	2	10	600	400	10000	100	50	800	10	300	10	40075541815837700000000000000000000	5 minutes, 25,079 seconds	-0,9996352433939553 * SUBTRACT(1,2617201902719016E13, EXP(x), MIN(x, x, x), x, DIV(4,0007844333872217E11, 1,3495737569868522E-5))
exp,csv	1	0,15	3	100	1	3	2	10	400	400	10000000000000000000000000000000000000000	100	50	800	10	300	10	72570475408339300000000000000000000	11 minutes, 31,416 seconds	0,9995091560433975 * SUM(EXP(x), 3,9866316680975472E16, LESS_THAN(-0,5072714641890883, -188961,09081593156), LESS_THAN(-7,925507122252402E-14, 2,39145495153582944E17), LN(x), x)
exp,csv	0	0,15	3	100	1	3	5	10	400	400	10000	100	50	800	10	300	10	96611283499411400000000000000000000	14 minutes, 2,112 seconds	0,9994336597999438 * SUM(x, SQRT(x), x, TANH(-7000,984300577222), SUBTRACT(x, x, -84588,7206263516, 4,1329632642273136E16, x, -8,7365959706068608E16, x), LESS_THAN(x, x), SQRT(2,2691738457702612E-8), EXP(x))
exp,csv	0	0,15	3	100	1	3	2	10	400	400	10000	100	50	800	10	100	10	299452374913820000000000000000000000	3 minutes, 21,527 seconds	1,0009970738694007 * SUBTRACT(EXP(x), TANH(-1946,3062680850653), 8,0768037911799296E16)
exp,csv	1	0,15	3	100	1	3	2	10	0	400	10000	100	50	800	10	300	10	371914105615910000000000000000000000	19 minutes, 50,447 seconds	0,9987878031764152 * SUM(EXP(x), PRODUCT(1175,2834836149245, 1,3037472854211676E8, x, x, x, x), MIN(x, x, -1,02269215159047104E17), MAX(-1,0099590569847092E-7, x, 2627649,46983277, x, x, x, x, x), MAX(x, -2,710608558667908E8, -3,816631136293717E-8, -2,8199778514726824E21, 55,77610302898165, 1,5437927271045965E15, x, x), DIV(6,2717728575490336E16, x))
exp,csv	1	0,15	3	100	1	5	2	10	400	400	10000	100	50	800	10	300	10	694774485501321000000000000000000000	2 hours, 27 minutes, 10,281 seconds	-0,997355251442257 * MIN(PRODUCT(ABS(SUBTRACT(x, 1,9636899042696843E-5, -10,837484932978448)), LN(SUBTRACT(x, -0,4157038113419882)), x, x, DIV(PRODUCT(-1,4782893643537576, -0,003550080579265093, -0,02401383264993313, -1305,2886705695128, x, x, 6,394208719163359, 2744,5587873037107, 1071,592143787451), TANH(-0,008790625392668193))), -0,08629121379286164, x, 0,3713025275159815, SUBTRACT(PRODUCT(ABS(SUBTRACT(x, -0,0076953857996596205, 2,794787574395834)), LN(SUBTRACT(x, -0,0062189073637603474)), x, x, DIV(PRODUCT(-0,10023902160292675, 0,006688192469961041, -2,0663451959727173, -5583,506099468283, x, x, 78,8484053418308, 7314,154260004176, 91,70518252856345), TANH(-0,002313869039906753))), 0,0010216478576622408, x, 3,1973661528423127E-4, PRODUCT(ABS(SUBTRACT(x, 2,035993240755322E-6, -51,33596776738477)), LN(SUBTRACT(x, -0,34552175912369654)), x, x, DIV(PRODUCT(4,008721340562309, 0,019386721615149472, -0,06656131707062202, -371,9887959837829, x, x, -6,058281949728981, -36,91916297537933, -1026,1923967047421), TANH(0,028914471220376135))), TANH(PRODUCT(LESS_THAN(x, x), MIN(370,9613161481152, x, x, -940,9960922799435, x, x, -0,011532525423249075), 19,186894905485477, SQRT(x), SIGN(x), -30,572392755964163, 0,005065188108740195, ABS(-3,9166005563875256E-4))), x, MAX(x, x, PRODUCT(SIN(x), x, x, MAX(-7,6716364881524495, x, x, x, x, x, x, x, x), x, 97,35564824013119, LESS_THAN(x, x)), SUBTRACT(-3,400445499825892, SUBTRACT(x, x, x, x, 1,3939998726904744E-7), -3148440,7867741566, x), MAX(EXP(x), SUM(x, 4,927965169024045E-4)), SUM(ABS(x), COS(x), MAX(x, -1,0938505193736783E-4, x, x, x, x, x, x)), SUBTRACT(SIGN(7,050761416829522), -0,1140006696554101, x, LN(0,004830322742855036)), SUBTRACT(PRODUCT(x, x, x, x, x, x, x), -0,00858906932179341, 4,502133338100219E-9, x, SQRT(-35,26208096859992), ABS(x), x, EXP(-1252,0691311270236), COS(-1,1036184663287753E-4))), x), MIN(PRODUCT(ABS(SUBTRACT(x, -0,0018217308924128699, 3,301358899641863)), LN(SUBTRACT(x, -0,8474991937226825)), x, x, DIV(PRODUCT(-4,718130982991998, 0,11557248877081516, -0,2464139585806739, -5793,967642961695, x, x, 19,68814811765858, 3739,8606548785447, 396,0966385728), TANH(-0,016564695660435808))), -0,08629121379286164, x, 0,08535353882894048, SUBTRACT(PRODUCT(ABS(SUBTRACT(x, -0,0018078930104112748, 56,67571557886663)), LN(SUBTRACT(x, -7,582642272322636E-4)), x, x, DIV(PRODUCT(-6,876967376958879, 0,009373982120846542, -0,2147599618109608, -2102,7288655569887, x, x, 8,333490490314365, 473,8982808345445, 1497,9058452228435), TANH(-0,005221634199945217))), 3,4701974949384183E-4, x, -4,399467778108131E-5, PRODUCT(ABS(SUBTRACT(x, -1,1468428574369328E-5, -879,9111107587637)), LN(SUBTRACT(x, 0,49262348890720087)), x, x, DIV(PRODUCT(0,3508860117716841, 0,026978211640992712, -0,16671709903430382, -604,6104709394554, x, x, -6,058281949728981, 1086,7677247645324, -805,5760684600286), TANH(0,009576269709401272))), TANH(PRODUCT(LESS_THAN(x, x), MIN(-22,073249067485904, x, x, -68,53955407968942, x, x, 0,005613833198625201), -2,8193326134273926, SQRT(x), SIGN(x), 0,5432661484941632, 0,07660407277506504, ABS(5,429519389295798E-4))), x, MAX(x, x, PRODUCT(SIN(x), x, x, MAX(1,1897315491489673, x, x, x, x, x, x, x, x), x, 61,706013862575674, LESS_THAN(x, x)), SUBTRACT(113,25246866796329, SUBTRACT(x, x, x, x, -5,104811975088251E-8), 1078871,9990511714, x), MAX(EXP(x), SUM(x, -8,799191887833145E-5)), SUM(ABS(x), COS(x), MAX(x, 0,0033242103153105556, x, x, x, x, x, x)), SUBTRACT(SIGN(-1,822662336342188), 0,025497671702241556, x, LN(0,001775733447935567)), SUBTRACT(PRODUCT(x, x, x, x, x, x, x), 0,45897140755199317, -9,506270348592387E-9, x, SQRT(-4,882474313236415), ABS(x), x, EXP(435,52891987608274), COS(7,174333427402619E-5))), x), SUBTRACT(PRODUCT(ABS(SUBTRACT(x, 0,012485416924261264, 1366,9533906628167)), LN(SUBTRACT(x, -0,6473873274899757)), x, x, DIV(PRODUCT(5,076988205287381, 0,021688927137608862, 0,12639703680275122, -433,8427656457661, x, x, 30,707609518795742, -352,7824116569819, -2495,5680891517004), TANH(-0,009757789007343014))), -0,008164921338387199, x, 0,014165240109348234, SUBTRACT(PRODUCT(ABS(SUBTRACT(x, 0,0021773137197662927, -40,269621441275845)), LN(SUBTRACT(x, 0,0027909931414247524)), x, x, DIV(PRODUCT(-0,6819996994526925, 0,006069388358815439, -0,22516704412530192, -5855,022756581376, x, x, 42,667032420882784, 7367,228840441385, 9065,29746933595), TANH(0,0010515333284253177))), -4,676904007032065E-4, x, 0,02593231174892214, PRODUCT(ABS(SUBTRACT(x, -2,667319754498168E-7, -1362,9718234605498)), LN(SUBTRACT(x, 0,4055830633053602)), x, x, DIV(PRODUCT(0,21860963931059452, -0,0021289824276741996, -0,6884290450405404, -604,6104709394554, x, x, 7,273562773500981, -5894,717574824812, -10,781929348931655), TANH(0,00806372942584433))), TANH(PRODUCT(LESS_THAN(x, x), MIN(345,1592619497753, x, x, -336,3468948712403, x, x, -0,010025901941974145), 0,40901391511330004, SQRT(x), SIGN(x), -3,0654695216106305, -0,2257297301597569, ABS(-0,012341875738627408))), x, MAX(x, x, PRODUCT(SIN(x), x, x, MAX(53,24632321644955, x, x, x, x, x, x, x, x), x, -8,28809991831082, LESS_THAN(x, x)), SUBTRACT(-189,23638986073078, SUBTRACT(x, x, x, x, -1,1408332817172869E-5), 24008,53912019541, x), MAX(EXP(x), SUM(x, -6,769906723151886E-5)), SUM(ABS(x), COS(x), MAX(x, -4,3638289675698154E-5, x, x, x, x, x, x)), SUBTRACT(SIGN(-0,1869312981801292), 0,2046934226265575, x, LN(0,014130708100751227)), SUBTRACT(PRODUCT(x, x, x, x, x, x, x), 0,06263253216920234, 3,097060180171356E-8, x, SQRT(1,2433061934699197), ABS(x), x, EXP(-41,881303169800944), COS(-1,1357975353578782))), x), TANH(ABS(SUBTRACT(x, -2,7172730444142865E-5, -11,398784488661043))), x, MAX(x, x, PRODUCT(SIN(x), x, x, MAX(-73,60912581830797, x, x, x, x, x, x, x, x), x, -77,81673287055558, LESS_THAN(x, x)), SUBTRACT(-130,91081506052126, SUBTRACT(x, x, x, x, -2,172394902807573E-6), -238232,33600816687, x), MAX(EXP(x), SUM(x, -2,1176527615297396E-4)), SUM(ABS(x), COS(x), MAX(x, 0,00579355043990586, x, x, x, x, x, x)), SUBTRACT(SIGN(5,0224180157470375), 6,759980668459842E-4, x, LN(-0,003534349412218543)), SUBTRACT(PRODUCT(x, x, x, x, x, x, x), 12,092122140873293, 2,4408316105582945E-8, x, SQRT(0,15133904937256348), ABS(x), x, EXP(13,085352108356275), COS(-0,11231432447507878))), x), x, MAX(x, x, PRODUCT(SIN(x), x, x, MAX(-3,1791062697349446, x, x, x, x, x, x, x, x), x, 0,07303108595167851, LESS_THAN(x, x)), SUBTRACT(55,59435040786998, SUBTRACT(x, x, x, x, -1,3989980695333522E-7), 3957,727207343087, x), MAX(EXP(x), SUM(x, -1,8859319307256624E-5)), SUM(ABS(x), COS(x), MAX(x, 0,025295946987367063, x, x, x, x, x, x)), SUBTRACT(SIGN(4,627301385483754E-4), -0,004872428167526148, x, LN(3,3773894752815696)), SUBTRACT(PRODUCT(x, x, x, x, x, x, x), 1,1295947618956892, 9,229346186690234E-4, x, SQRT(0,003471421195291754), ABS(x), x, EXP(0,6924344509593625), COS(0,08207685711721421))), x), x, MAX(x, x, PRODUCT(SIN(x), x, x, MAX(310,4805785063644, x, x, x, x, x, x, x, x), x, -8,270591771967037, LESS_THAN(x, x)), SUBTRACT(-3,1393780177455994, SUBTRACT(x, x, x, x, 4,5850449041658263E-7), 119251,22475890897, x), MAX(EXP(x), SUM(x, 2,7014343395676893E-5)), SUM(ABS(x), COS(x), MAX(x, 0,0013680976580161411, x, x, x, x, x, x)), SUBTRACT(SIGN(-2,497834984157184E-4), -0,08874357827891081, x, LN(7,0587086707554905)), SUBTRACT(PRODUCT(x, x, x, x, x, x, x), 0,5344424687782328, 9,229346186690234E-4, x, SQRT(-0,014803035885641858), ABS(x), x, EXP(-0,0206135403319826), COS(-0,09263569931574778))), x)
exp,csv	0	0,15	3	500	10	3	2	10	400	400	10000	100	50	800	10	300	10	1273545519488230000000000000000000000	11 minutes, 15,897 seconds	0,9979659215594343 * ABS(EXP(x))
exp,csv	0	0,15	3	100	1	3	2	10	400	400	10000000000000000000000000000000000000000	200	50	600	10	300	50	1507968321856080000000000000000000000	19 minutes, 35,637 seconds	0,2655078584396364 * PRODUCT(EXP(x), COS(0,270850755276796), LN(x))
exp,csv	1	0,15	3	100	1	3	2	10	400	400	10000	100	50	800	10	100	10	1783096313806480000000000000000000000	8 minutes, 22,497 seconds	1,0024330490583102 * SUM(TANH(390,7405594160661), EXP(x), MIN(x, -1,9710467210791456E17, x, 4,673603765699316E-6, -275796,88175389526, x), DIV(x, x), SUM(2,4931357266593095E-5, x, x, -8,243215325003431E-5, -6,960799178793953E11), DIV(0,010839410071207256, x))
ln+cos,csv	0	0,15	3	100	1	3	2	10	400	400	10000	100	50	600	10	300	10	0,8005559868	5 minutes, 46,974 seconds	-0,029078668953865267 * SUBTRACT(MAX(24,788937256082427, x, x, -5,1248903037063144E-6), x, 76,99832888864498, x)
ln+cos,csv	0	0,15	5	100	1	3	2	10	400	400	10000	100	50	800	10	300	10	0,8696394622	6 minutes, 43,480 seconds	0,02923114704358902 * SUM(SUBTRACT(x, 0,10549921329909404, x, 9,91181481307273E-5, -73,99415094527981), x)
ln+cos,csv	0	0,15	3	100	1	3	2	10	400	400	10000000000000000000000000000000000000000	200	50	600	10	100	50	0,8697042305	32 minutes, 43,032 seconds	0,029438585348047233 * ABS(SUM(53,76030204991553, -6,159493937618976E-9, x, -0,2636834880165111, -0,00256600800607165, -1,1282218065796582E-5, -9,11621029452067E-7, 19,62394479291536))
ln+cos,csv	0	0,15	3	100	1	3	2	10	400	400	10000000000000000000000000000000000000000	200	50	800	50	300	10	0,869806703	10 minutes, 1,011 seconds	0,028748675287867648 * SUM(75,87016097841527, ABS(x))
ln+cos,csv	1	0,15	3	100	1	3	2	10	400	400	10000000000000000000000000000000000000000	200	50	600	50	300	10	0,8698401324	11 minutes, 6,704 seconds	0,014739109030228261 * SUM(x, ABS(-144,91730494668792), x)
ln+cos,csv	0	0,15	3	100	1	3	5	10	400	400	10000	100	50	800	10	300	10	0,869875753	4 minutes, 47,041 seconds	0,029443832922204025 * ABS(SUM(4,2738107967148566E-11, 51,06485830846199, 21,46332974067279, 0,0031138246026159886, x))
ln+cos,csv	0	0,15	3	100	1	3	2	10	400	400	10000000000000000000000000000000000000000	200	50	600	10	300	50	0,8699008255	12 minutes, 27,935 seconds	-0,009912168922274329 * SUBTRACT(SUBTRACT(x, 0,003648651121357538, x, x, -1,2886918590165144E-5, 7,828195939406173E-5, 186,56025231190142, 28,568969526604604, 0,07003863419195637), x, x)
ln+cos,csv	0	0,15	3	100	1	3	2	10	400	400	10000	100	50	800	10	300	50	0,8699790305	9 minutes, 21,332 seconds	0,014860684831202384 * ABS(SUM(x, x, 143,00763884963828))
ln+cos,csv	1	0,15	3	100	1	3	2	10	400	400	10000000000000000000000000000000000000000	200	50	800	50	300	10	0,8700061141	18 minutes, 47,671 seconds	0,02899643098016516 * SUM(74,26359978047448, MAX(-4,8537182127775264E8, x, x, x, x, x, x, x, -5,496006922096228E9))
ln+cos,csv	0	0,15	3	100	1	3	2	10	400	400	10000000000000000000000000000000000000000	50	50	800	10	300	10	0,8705647851	2 minutes, 51,391 seconds	0,006043988581206451 * ABS(SUM(x, x, 348,50462470218554, x, x, x))
ln+cos,csv	0	0,15	3	100	1	3	2	10	400	400	10000	100	50	800	50	300	10	0,8712972921	4 minutes, 6,432 seconds	0,02791641387017274 * ABS(SUM(97,73658814201235, x, -18,58831594006631))
ln+cos,csv	1	0,15	3	500	10	3	2	10	400	400	10000	100	50	800	10	300	10	0,8726971007	6 minutes, 52,877 seconds	0,006820835978239154 * ABS(SUM(x, 0,0015830648184723493, x, 1,3527191771642805E-6, 1,3148134963531253, x, x, 329,92509973962206))
ln+cos,csv	1	0,15	3	1000	10	3	2	10	400	400	10000	100	50	800	10	300	10	0,8827676243	5 minutes, 56,975 seconds	0,16212027869916024 * ABS(MIN(x, 25,157333682451196, x))
ln+cos,csv	1	0,15	3	100	1	3	2	10	200	400	10000	100	50	800	10	300	10	0,8831417798	8 minutes, 47,322 seconds	0,16406041309793576 * ABS(MIN(x, x, x, x, x, 24,799859303348605, x, x))
ln+cos,csv	0	0,15	3	1000	10	3	2	10	400	400	10000	100	50	800	10	300	10	0,8845636577	5 minutes, 29,388 seconds	0,1623186274192171 * MIN(1,6464286057111808E16, x, ABS(-25,50727679992488))
ln+cos,csv	1	0,15	3	100	1	3	2	10	400	400	10000	100	50	800	10	100	50	0,8846345804	11 minutes, 23,229 seconds	0,1567276063274018 * ABS(MIN(x, x, x, x, 26,106224171566005))
ln+cos,csv	0	0,15	3	100	1	3	2	10	200	400	10000	100	50	800	10	300	10	0,8856442047	7 minutes, 20,072 seconds	0,16275643637129145 * ABS(MIN(x, 25,51745361734227, x, 2,2257067761677312E16))
ln+cos,csv	1	0,15	3	100	1	3	5	10	400	400	10000	100	50	800	10	300	10	0,8865897374	7 minutes, 45,513 seconds	0,16754893675704136 * ABS(MIN(8,632493232453441E10, x, 24,070832546849275, x, 4,763069371074207E10, x))
ln+cos,csv	0	0,15	3	100	1	3	2	10	600	400	10000	100	50	800	10	300	10	0,9488417482	6 minutes, 22,989 seconds	0,007660867454567431 * SUM(x, x, ABS(x), MIN(29,684061921516175, x, 2,8913674790313425E9), -3,6569681837241887E-4, 249,41835986919398, x)
ln+cos,csv	1	0,15	5	100	1	3	2	10	400	400	10000	100	50	800	10	300	10	0,9696926994	6 minutes, 9,637 seconds	-0,014682814822126612 * SUBTRACT(ABS(-42,685200457772794), 0,16088425987328395, SUM(50,5317130962475, 138,27601737254616, 4,2562885734809253E-4, x), x)
ln+cos,csv	1	0,15	3	100	1	3	2	10	400	400	10000	50	50	800	10	300	10	0,969761233	3 minutes, 17,241 seconds	0,028902662597796946 * MAX(LESS_THAN(x, x), SUM(-26,278308624034057, x, 101,32216813255654))
ln+cos,csv	1	0,05	2	100	1	3	2	10	400	400	10000	100	50	800	10	300	10	0,9699038547	7 minutes, 44,220 seconds	0,029073582553109517 * SUM(ABS(x), LESS_THAN(x, x), 74,01418480425338)
ln+cos,csv	0	1	2	100	1	3	2	10	400	400	10000	100	50	800	10	300	10	0,9756436103	6 minutes, 19,388 seconds	0,008840869205845515 * SUM(LESS_THAN(x, x), SUM(x, x, x, 259,81769379428556))
ln+cos,csv	1	0,15	3	100	1	3	2	10	400	400	10000	200	50	800	10	300	10	0,9800056706	13 minutes, 50,628 seconds	0,007905870509068963 * SUM(MAX(x, -1876754,9173492761, -19,99973012576004, x, x), 1600,4020312848447, 8,547749594630318, x, -1340,9820860592895, SIGN(-26,626190610819748), x, x)
ln+cos,csv	1	0,15	3	100	1	3	2	10	600	400	10000	100	50	800	10	300	10	1,0638407888	7 minutes, 50,990 seconds	0,00457418255088906 * SUM(x, ABS(x), SUM(0,16617170113562507, x, x, 516,7012671882187, x, -30,29751093067827, -0,03334345338977068, 3,053576255630807, x), MIN(285,80797522270655, x, 31,021347662751054, x, x, x, x, x))
ln+cos,csv	0	0,15	3	100	1	3	3	5	400	400	10000	100	50	800	10	300	10	1,0854086229	6 minutes, 31,115 seconds	0,024798173299644927 * SUM(ABS(6,692744876194106E-10), MAX(x, 0,8578377237689268, 0,12304559543547579, 0,751747472811678), MAX(x, x, 97,16590997600417))
ln+cos,csv	0	0,15	3	100	1	3	2	10	400	400	10000000000000000000000000000000000000000	200	50	600	10	300	10	1,1681216069	13 minutes, 21,903 seconds	3,802466444598018 * LESS_THAN(5,347324099473082, ABS(x))
ln+cos,csv	0	0,15	2	100	1	3	2	10	400	400	10000	100	50	800	10	300	10	1,1681223916	10 minutes, 6,249 seconds	3,8053707083892974 * LESS_THAN(SUBTRACT(x, x, x, x, x, 29,1944419356485, -56,936476186171035, x), x)
ln+cos,csv	0	0,15	3	100	1	3	2	10	400	400	10000	200	50	800	10	300	10	1,1681369553	15 minutes, 55,194 seconds	3,8080030189104423 * LESS_THAN(MIN(x, x, 726,3619325024433, x, 5,553921555544939, x, 75,6446576222325), x)
ln+cos,csv	0	0,15	3	100	1	3	2	10	400	400	10000000000000000000000000000000000000000	200	50	800	10	300	10	1,1681414244	14 minutes, 34,011 seconds	3,808526789251667 * SIGN(LESS_THAN(5,798458588925645, x))
ln+cos,csv	1	0,15	2	100	1	3	2	10	400	400	10000	100	50	800	10	300	10	1,1682128489	5 minutes, 15,725 seconds	3,813661302087665 * ABS(LESS_THAN(5,3198325629202134, x))
ln+cos,csv	1	0,15	3	100	1	3	2	10	400	200	10000	100	50	800	10	300	10	1,1682898647	4 minutes, 47,857 seconds	3,81714571756201 * ABS(LESS_THAN(5,914321137159435, x))
ln+cos,csv	1	0,05	3	100	1	3	2	10	400	400	10000	100	50	800	10	300	10	1,1682983268	7 minutes, 24,373 seconds	3,817474629676884 * LESS_THAN(SUBTRACT(x, x, -10,496607573853916, x), x)
ln+cos,csv	1	0,15	3	100	1	3	2	10	400	400	10000000000000000000000000000000000000000	200	50	600	10	300	50	1,1683566752	35 minutes, 51,143 seconds	3,819557055111539 * LESS_THAN(5,0863242965364055, ABS(x))
ln+cos,csv	1	0,15	3	100	1	3	2	10	400	400	10000	100	50	800	10	300	50	1,1685257063	11 minutes, 8,716 seconds	3,7730686508720446 * LESS_THAN(SUBTRACT(8,053455365670489E-4, -4,747094286532919, -0,0028267731647421673, x), -0,007538141690128217)
ln+cos,csv	0	0,15	3	100	1	3	2	10	400	400	10000	100	50	600	50	300	10	1,1690014981	9 minutes, 7,952 seconds	3,834230264913362 * LESS_THAN(2,31219094816833E-4, SUM(5,019651600443145E-8, x, x, x, 84,23908788306252, -3,1695262185323677E-6, -101,54835202805899))
ln+cos,csv	1	0,15	3	100	1	3	2	10	400	400	10000	100	50	800	10	100	10	1,2663521436	4 minutes, 30,360 seconds	-2,2758252569524866 * SUBTRACT(LESS_THAN(x, 17,250263472979768), SIGN(6,094778433250616), MIN(x, -0,20287092826488184, x), LESS_THAN(-0,001009693474589172, x))
ln+cos,csv	1	0,15	3	100	1	3	2	10	400	400	10000000000000000000000000000000000000000	200	50	600	10	300	10	1,2681201206	11 minutes, 55,591 seconds	3,804166863694146 * LESS_THAN(ABS(-5,606968375010431), MAX(3,0857824379103977, x))
ln+cos,csv	1	0,15	3	100	1	3	2	10	400	400	10000000000000000000000000000000000000000	200	50	800	10	300	10	1,2681450723	22 minutes, 59,448 seconds	3,7986379949009663 * LESS_THAN(SIGN(3724,449081680599), SUM(x, x, x, 13,977782627449713, x, -53,88003627348047, x, 6,256697035969223, x))
ln+cos,csv	1	0,15	3	100	1	3	2	10	0	400	10000	100	50	800	10	300	10	1,2681458389	17 minutes, 32,702 seconds	3,7985601100677178 * LESS_THAN(SUBTRACT(-7,598149300414073, x, x, -38,12656850373388, 0,002758489363141675, 0,2671982186423604), SUM(x, x, 0,007475997007915718, x, x, -0,6658337158154922))
ln+cos,csv	0	0,05	3	100	1	3	2	10	400	400	10000	100	50	800	10	300	10	1,2681506473	11 minutes, 4,385 seconds	3,809457032809561 * LESS_THAN(LESS_THAN(6,374684537594584E-4, x), SUBTRACT(x, 4,6299092127130255))
ln+cos,csv	0	0,15	3	100	1	3	2	10	400	700	10000	100	50	800	10	300	10	1,2685533253	8 minutes, 26,612 seconds	3,782424167967328 * LESS_THAN(SUBTRACT(x, 29,236833412241367, 0,008358192411206777, -34,70689859074628, x, -0,025090430640286383), ABS(x))
ln+cos,csv	0	0,15	3	50	1	3	2	10	400	400	10000	100	50	800	10	300	10	1,271643362	6 minutes, 42,777 seconds	0,054463169465998496 * ABS(MAX(x, x, x, x, 56,52722273350143, x))
ln+cos,csv	0	0,5	2	100	1	3	2	10	400	400	10000	100	50	800	10	300	10	1,2716468775	4 minutes, 51,548 seconds	0,054184442095159435 * ABS(MAX(x, x, 56,79998213817167, -4210490,8549970165, x))
ln+cos,csv	1	0,15	3	100	1	3	3	5	400	400	10000	100	50	800	10	300	10	1,2720758029	5 minutes, 36,800 seconds	0,05361609368489456 * ABS(MAX(58,46603415843455, x, -1873756,3337608718))
ln+cos,csv	0	0,15	3	100	1	3	2	10	400	200	10000	100	50	800	10	300	10	1,2721708652	6 minutes, 0,445 seconds	0,053889459293525926 * ABS(MAX(x, x, x, x, x, x, 56,708942292113846))
ln+cos,csv	1	0,15	3	100	1	3	2	10	400	400	10000	100	50	600	10	300	10	1,2953988359	7 minutes, 17,336 seconds	0,050783765443609956 * ABS(MAX(62,54830375250023, x, x, x, x, x, x, x, x))
ln+cos,csv	1	0,5	2	100	1	3	2	10	400	400	10000	100	50	800	10	300	10	1,3155377797	8 minutes, 2,342 seconds	-1,390054426673915 * SUM(MAX(x, x, x, -70470,63166419364), SIGN(-3,7381600076947485), LESS_THAN(x, 28,07526552941924), SUBTRACT(x, x, x, 2,011269324681572, -0,10314746659153329))
ln+cos,csv	1	0,15	3	100	1	3	2	10	400	400	10000	100	50	600	50	300	10	1,4576871285	5 minutes, 32,120 seconds	0,06290700650593771 * MAX(-1427207,369164244, x, MAX(0,23060130205068385, x, x, x, 49,25043957435271, x, -1059791,6854865486))
ln+cos,csv	1	0,15	3	100	1	3	2	10	400	400	10000000000000000000000000000000000000000	100	50	800	10	300	10	1,4716682447	12 minutes, 35,785 seconds	0,054185818371711415 * MAX(MIN(x, x, x, x), LESS_THAN(x, x), MAX(0,006942320407713851, x, 0,0906143444127604, x, x, x, x, x), 56,402558308103494)
ln+cos,csv	1	1	2	100	1	3	2	10	400	400	10000	100	50	800	10	300	10	1,4995693388	4 minutes, 32,574 seconds	3,681745861153324 * LESS_THAN(SIGN(x), x)
ln+cos,csv	0	0,15	3	100	1	3	2	10	400	400	10000000000000000000000000000000000000000	100	50	800	10	300	10	1,4995693905	5 minutes, 38,327 seconds	3,6819676262989827 * LESS_THAN(LESS_THAN(x, 3,7962625010306637E17), x)
ln+cos,csv	0	0,15	3	100	1	3	2	10	0	400	10000	100	50	800	10	300	10	1,5934207189	7 minutes, 0,451 seconds	3,6506384020444878 * SIGN(MAX(x, x, x, -2,3183262246390284E-4, -19,867222056484735, x))
ln+cos,csv	1	0,15	3	100	1	3	2	10	400	400	10000000000000000000000000000000000000000	200	50	600	10	100	10	1,593420719	6 minutes, 47,078 seconds	3,6506479519919868 * SIGN(MIN(x, x, x))
ln+cos,csv	0	0,15	3	100	1	3	2	10	400	400	10000	100	50	800	10	100	50	1,59342072	8 minutes, 32,449 seconds	2150,275266756462 * MIN(SIGN(1,3664527184338464E11), 2,6614546728203545E9, 0,001697768311777933)
ln+cos,csv	0	0,15	3	500	10	3	2	10	400	400	10000	100	50	800	10	300	10	1,5934207202	7 minutes, 30,407 seconds	0,5464091926240591 * ABS(SUBTRACT(x, 0,014870862739282245, x, -6,695942263267426))
ln+cos,csv	0	0,15	3	100	1	3	2	10	400	400	10000	100	50	800	10	300	10	1,5934207213	4 minutes, 56,070 seconds	3,6506853997344333 * ABS(SIGN(x))
ln+cos,csv	0	0,15	3	100	1	3	2	10	400	400	10000000000000000000000000000000000000000	200	50	600	50	300	10	1,5934207325	9 minutes, 58,535 seconds	3,6505189891610623 * SIGN(SIGN(x))
ln+cos,csv	1	0,15	3	100	1	3	2	10	400	700	10000	100	50	800	10	300	10	1,5934207491	7 minutes, 8,349 seconds	-3,650809470361539 * SIGN(MIN(7,770175584396021, x, 0,02528711957155716, x, 0,004868306171339953, -14246,054883169942))
ln+cos,csv	1	0,15	3	100	1	3	2	10	400	400	10000	100	50	800	10	300	10	1,5934207527	8 minutes, 49,724 seconds	-3,6508195679061455 * SIGN(SUM(x, -11314,717840682424, x, x, x, 0,02936387810033576, 0,6164376602069199, x))
ln+cos,csv	0	0,15	3	100	1	3	2	10	400	400	10000000000000000000000000000000000000000	200	50	600	10	100	10	1,593420777	8 minutes, 32,600 seconds	61,93179779568459 * ABS(MIN(x, -0,058942172515068364, x, x, -9,67158192401074E-6, x, 0,018367150527746165, x, x))
ln+cos,csv	1	0,15	3	100	1	3	2	10	400	400	10000000000000000000000000000000000000000	200	50	600	10	100	50	1,5934207867	17 minutes, 55,948 seconds	3,6508961837962275 * ABS(SIGN(x))
ln+cos,csv	0	0,05	2	100	1	3	2	10	400	400	10000	100	50	800	10	300	10	1,5934210465	6 minutes, 50,388 seconds	3,6500633638309523 * LESS_THAN(SUBTRACT(x, x), x)
ln+cos,csv	1	0,15	3	100	1	3	2	10	400	400	10000000000000000000000000000000000000000	50	50	800	10	300	10	1,5934210727	4 minutes, 21,047 seconds	-3,6500409235540836 * SIGN(SUBTRACT(x, -2,5840896355335386E-6, x, x, x, x, 5,068881096185349E-7))
ln+cos,csv	0	0,15	3	100	1	3	2	10	400	400	10000	50	50	800	10	300	10	1,5934216011	3 minutes, 3,689 seconds	-3,6496965076433945 * SIGN(MIN(-55,5384565811774, x, x, x, x, -14646,642226922704, -619701,7451976687, 55,114411647988284))
ln+cos,csv	1	0,15	3	50	1	3	2	10	400	400	10000	100	50	800	10	300	10	1,5934218144	8 minutes, 43,437 seconds	3,6516824218253507 * SIGN(SUM(337,08637262689433, x, -0,006934601985948053, x, 1,5271216724103394E-8, x, x, x, -1,407938802885988E-6))
ln+cos,csv	0	0,15	3	100	1	3	2	10	400	400	10000	100	50	800	10	100	10	1,5934234604	3 minutes, 18,983 seconds	3,6522915266248397 * SIGN(MAX(267,70674351440107, 43,24919078750488, x, x, x, 1,1840219341862579E-11, x))
ln+cos,csv	0	0,15	3	100	1	5	2	10	400	400	10000	100	50	800	10	300	10	1,7934207773	8 minutes, 47,140 seconds	3,6503940101909937 * SIGN(ABS(SIGN(SUM(7,296115707420917E10, x))))
ln+cos,csv	1	0,15	3	100	1	3	2	10	400	400	10000	100	50	800	50	300	10	1,8696853762	8 minutes, 19,568 seconds	-0,028947664297711645 * SUBTRACT(DIV(4,082642633612259, -0,05439152185447167), MAX(-6,0950668008236875, x, x, -0,31065341231458454, x, 0,06258399602060422, x), 0,003129911686366515)
ln+cos,csv	1	0,15	3	100	1	5	2	10	400	400	10000	100	50	800	10	300	10	2,0567238602	9 minutes, 35,948 seconds	0,03150046830377403 * SUBTRACT(x, ABS(PRODUCT(SIGN(x), x, LESS_THAN(x, 10,298897071677288))), 268,0380920169671, -333,3674073740389)
sqrt,csv	0	0,15	3	100	1	3	2	10	400	400	10000000000000000000000000000000000000000	200	50	600	10	300	10	0,4665437308	9 minutes, 3,593 seconds	0,08063622901201206 * ABS(SUM(-3,614901280094738, -2,6228065660153827E-4, 41,39634138733079, 0,0023654439684199606, -5,3220773307700995, x, -0,015315425923441546))
sqrt,csv	0	0,15	3	100	1	3	2	10	400	400	10000	100	50	800	10	300	10	0,4665437411	4 minutes, 42,151 seconds	0,016127231010356416 * ABS(SUM(x, x, 0,2595003554152299, x, 161,9687325783756, x, x))
sqrt,csv	1	0,15	3	500	10	3	2	10	400	400	10000	100	50	800	10	300	10	0,4665453038	6 minutes, 16,527 seconds	0,0806230401625146 * ABS(SUBTRACT(x, x, -0,26578398686848814, 33,30209893849571, 0,0015299154652467053, -0,5781584337496812, x))
sqrt,csv	0	0,15	3	100	1	3	2	10	400	400	10000000000000000000000000000000000000000	200	50	600	10	300	50	0,4665521867	13 minutes, 36,668 seconds	0,0808180566776976 * ABS(SUBTRACT(-1,541229590697419, x, 30,719949765261873, -7,653611450833503E-8))
sqrt,csv	0	0,15	3	100	1	3	2	10	400	400	10000000000000000000000000000000000000000	200	50	600	10	100	50	0,4665864175	13 minutes, 56,927 seconds	0,04046181822521783 * ABS(SUBTRACT(-64,35320507528924, x, -6,196739785953621E-5, x))
sqrt,csv	0	0,15	2	100	1	3	2	10	400	400	10000	100	50	800	10	300	10	0,4666462183	6 minutes, 23,976 seconds	0,020086735004221493 * ABS(SUM(x, x, 130,98722044874677, x, x))
sqrt,csv	1	0,15	3	100	1	3	2	10	400	400	10000	200	50	800	10	300	10	0,4666589987	11 minutes, 13,495 seconds	0,01351224803330036 * ABS(SUM(1,0982877898018977, x, x, x, x, x, x, 190,90873274685595))
sqrt,csv	1	0,15	3	100	1	3	2	10	400	700	10000	100	50	800	10	300	10	0,4667335804	4 minutes, 20,101 seconds	0,04016171442301557 * ABS(SUBTRACT(0,9295822903285567, 225,0395454137058, -9,665549408201521, 658,4653476523933, 1353,6072003481008, -2186,728805904196, 25,533743383279358, x, x))
sqrt,csv	1	0,15	3	100	1	3	2	10	400	400	10000	100	50	800	10	300	50	0,466754937	7 minutes, 14,715 seconds	0,08033957232081997 * ABS(SUBTRACT(x, -32,62345463343971))
sqrt,csv	0	0,15	3	100	1	3	2	10	600	400	10000	100	50	800	10	300	10	0,4668628562	4 minutes, 49,700 seconds	0,026764869090446564 * ABS(SUBTRACT(-98,89627251318652, x, x, x))
sqrt,csv	1	0,15	3	100	1	3	2	10	400	400	10000000000000000000000000000000000000000	200	50	600	10	100	50	0,4668635442	7 minutes, 32,086 seconds	0,08131646991384622 * ABS(SUBTRACT(x, x, x, 31,75701184900926, -5,826246700457143E-4))
sqrt,csv	0	0,15	3	100	1	3	2	10	400	400	10000000000000000000000000000000000000000	200	50	800	50	300	10	0,4671249228	11 minutes, 9,274 seconds	0,08147883556743299 * ABS(SUM(x, 0,0011763733059798299, 31,490614012806148))
sqrt,csv	0	0,15	3	500	10	3	2	10	400	400	10000	100	50	800	10	300	10	0,4679123118	5 minutes, 17,630 seconds	0,0264764352932318 * ABS(SUM(x, 12,820385688779915, 86,96317402704088, 3,199386980514194, x, x, -1,8857388818971774))
sqrt,csv	1	0,15	3	100	1	3	2	10	400	400	10000000000000000000000000000000000000000	200	50	600	10	100	10	0,4685570848	5 minutes, 5,828 seconds	0,03958013929858217 * ABS(SUM(x, x, 67,9292791522945))
sqrt,csv	1	0,5	2	100	1	3	2	10	400	400	10000	100	50	800	10	300	10	0,4687061366	7 minutes, 1,038 seconds	0,019883624649189455 * ABS(SUBTRACT(-132,75331722165362, x, x, x, x))
sqrt,csv	0	0,15	3	100	1	3	2	10	400	400	10000000000000000000000000000000000000000	200	50	800	10	300	10	0,4691898593	6 minutes, 50,450 seconds	0,07893425188333644 * SUM(x, 35,217814857930705, 0,006123001193555142, SIGN(-44966,35229588246))
sqrt,csv	0	1	2	100	1	3	2	10	400	400	10000	100	50	800	10	300	10	0,469733492	4 minutes, 28,403 seconds	0,02648532587714414 * ABS(SUM(102,6488070877337, x, x, x))
sqrt,csv	1	0,05	2	100	1	3	2	10	400	400	10000	100	50	800	10	300	10	0,4708099871	5 minutes, 26,712 seconds	-0,08055515689388665 * SUBTRACT(SIGN(x), x, 33,483312202516046)
sqrt,csv	1	0,15	3	100	1	3	2	10	400	400	10000000000000000000000000000000000000000	50	50	800	10	300	10	0,4708732906	3 minutes, 18,204 seconds	0,01961115252858079 * ABS(SUM(138,83688353928596, x, x, x, x))
sqrt,csv	0	0,15	3	100	1	3	2	10	400	400	10000	100	50	600	50	300	10	0,4727202845	4 minutes, 46,370 seconds	0,03900170034563853 * ABS(SUBTRACT(x, 70,91532210836158, x, 0,011097670102871927, x, x, 0,0014132323281724852, -0,47505210757258265))
sqrt,csv	1	0,15	3	100	1	3	2	10	400	400	10000	100	50	800	10	300	10	0,4808649193	4 minutes, 54,015 seconds	0,020749253955533103 * ABS(SUBTRACT(-64,13336559500374, x, x, x, x, 1,7158148953409944E-8, 30,722493370484912, 20,767845540892935))
sqrt,csv	1	0,15	3	100	1	3	2	10	400	400	10000	100	50	800	10	100	50	0,5664715693	3 minutes, 22,943 seconds	-0,08285478241522609 * SUBTRACT(x, SIGN(x), x, 28,31138644762379, x, SIGN(5305,511751450356))
sqrt,csv	0	0,15	5	100	1	3	2	10	400	400	10000	100	50	800	10	300	10	0,5665517605	9 minutes, 2,617 seconds	0,026861233970861875 * MAX(x, ABS(x), SUM(x, x, 127,5752483945291, -17,623242003145453, 0,0455406435558372, -15,530170161464115, x, 3,028901477911493))
sqrt,csv	1	0,15	3	100	1	3	2	10	400	400	10000000000000000000000000000000000000000	200	50	800	50	300	10	0,5665553958	21 minutes, 32,461 seconds	0,02694403062914287 * MAX(8,399558270990519E-5, SUM(97,28096420841763, x, x, -1,3786235325388934E-7, -0,5243153070367499, x), ABS(x), 0,002559165964173716, x, -0,013166357221225163)
sqrt,csv	1	0,15	3	100	1	3	2	10	600	400	10000	100	50	800	10	300	10	0,5665867184	9 minutes, 30,300 seconds	0,08091888833233868 * SUBTRACT(-15,812453643495436, SIGN(0,004301189378739606), x, x, x, SUBTRACT(x, x, x, x, 1,1246438259427234, x, x, 47,675289583159866, 0,199987483248598))
sqrt,csv	0	0,15	3	100	1	3	2	10	400	400	10000	100	50	800	10	100	50	0,5690214349	5 minutes, 32,934 seconds	0,08164679808261607 * SUM(MAX(x, x, -1,5776109280390468E19), ABS(31,933487388434415))
sqrt,csv	0	0,15	3	100	1	3	2	10	400	400	10000000000000000000000000000000000000000	200	50	600	10	100	10	0,6670315837	8 minutes, 39,009 seconds	-0,07993954194042653 * MIN(SUM(0,7164003710166211, x, x, x, x, -0,008724077472461761, 12,702884256400871), 0,7324308810647773, SUBTRACT(x, 0,3056328592399511, x, x, 32,85983927867527), ABS(-2,4735102828577458))
sqrt,csv	1	0,15	3	100	1	3	2	10	400	400	10000	50	50	800	10	300	10	0,6674960102	4 minutes, 15,955 seconds	-0,026596550101414637 * MIN(x, ABS(x), MIN(x, 0,6632326694267824, x, x), x, SUBTRACT(-107,40989460590873, x, x, -8,043500366872806, x), 4,507236923573203E8)
sqrt,csv	1	0,15	3	100	1	3	2	10	400	400	10000000000000000000000000000000000000000	200	50	800	10	300	10	0,6683272233	24 minutes, 26,919 seconds	0,026416807388515623 * SUM(x, LESS_THAN(-1,464414057001665E-6, -19348,81442201964), ABS(x), x, MAX(x, 101,70762134327435))
sqrt,csv	0	0,15	3	100	1	3	2	10	0	400	10000	100	50	800	10	300	10	0,6695014425	9 minutes, 23,800 seconds	0,026277823329576455 * MAX(LESS_THAN(-0,004560964767698697, x), SUM(0,8560617367276115, x, 102,15903175585242, 3,8780494728902007E-4, x, 0,004984348305323452, x, -9,488188962216188E-8), ABS(x))
sqrt,csv	0	0,15	3	100	1	3	5	10	400	400	10000	100	50	800	10	300	10	0,6740979026	21 minutes, 58,703 seconds	0,013944593114157428 * MAX(SUBTRACT(x, -2,8287379693084125, -3234,3182942062467, x, 1,2840582797765657E7, 0,030474942084681766, x, x), SUM(x, x, x, x, x, 176,14979047262852, x), x, -0,00766486146871951, MIN(x, x, x, x, -79,05066697207988, x), x)
sqrt,csv	0	0,15	3	1000	10	3	2	10	400	400	10000	100	50	800	10	300	10	0,8696568837	16 minutes, 45,084 seconds	0,016570283434187566 * SUM(SIGN(x), x, MAX(x, x, x, -1,1324985815290405, -1,3215715576492795, x, x, x), MAX(x, -1,097521412820003, x, -0,030646136353426695, x, -0,5520788817911475, x, x, x), SIGN(3,908804090621442), SUM(0,6985331637592498, x, x, 11,928047645454544, 38,76943128844149, 97,88239755651212))
sqrt,csv	1	1	2	100	1	3	2	10	400	400	10000	100	50	800	10	300	10	0,8943281143	5 minutes, 33,490 seconds	-0,08260170596469468 * SUBTRACT(x, MIN(x, 30,40552187920028, x, x, x, x, x), LESS_THAN(-0,03420906063734537, x), x, ABS(x))
sqrt,csv	1	0,15	3	100	1	3	5	10	400	400	10000	100	50	800	10	300	10	1,0489891913	6 minutes, 39,770 seconds	0,1631097969632243 * ABS(MIN(53,4807858884172, 46715,32692851208, x, x, x))
sqrt,csv	1	0,15	3	100	1	3	2	10	400	400	10000000000000000000000000000000000000000	200	50	600	10	300	50	1,0501643814	15 minutes, 53,961 seconds	0,1685896643720583 * ABS(MIN(51,41998257723242, x, x))
sqrt,csv	1	0,15	3	100	1	3	2	10	400	400	10000000000000000000000000000000000000000	100	50	800	10	300	10	1,0513103788	4 minutes, 46,900 seconds	0,162835277554308 * ABS(MIN(x, 54,16170667287906))
sqrt,csv	1	0,15	3	100	1	3	2	10	400	400	10000	100	50	800	10	100	10	1,0519880891	2 minutes, 41,584 seconds	0,161198660582219 * ABS(MIN(x, x, x, x, 54,14394444156366, x))
sqrt,csv	1	0,15	3	100	1	3	2	10	400	400	10000000000000000000000000000000000000000	200	50	600	10	300	10	1,2290885877	16 minutes, 34,691 seconds	95,533809196775 * DIV(SUBTRACT(x, 0,2573463444390089, x, x, 4,768772589370963, 2,036088544193221E-11), SUBTRACT(-1,0077712572731397, x, 427,60031762227493, x, x, x, x, x, 0,8578469039377865))
sqrt,csv	1	0,15	3	1000	10	3	2	10	400	400	10000	100	50	800	10	300	10	1,2799372477	10 minutes, 56,071 seconds	0,32115475166794827 * SUBTRACT(MIN(x, x, 9,46313897220854, x, x), PRODUCT(-0,23419413884565055, x))
sqrt,csv	1	0,15	3	100	1	3	2	10	0	400	10000	100	50	800	10	300	10	1,3739300879	9 minutes, 5,257 seconds	0,03125060640756988 * SUBTRACT(SUM(x, 76,59539776252257, x, x, x, -9,908237972171557), PRODUCT(6,006990639504435, 2,4316830942847183, x, -7,480167844464434E-4, x, -2,4652217289009406, 0,5478641363716874), ABS(-4,3698802667560415))
sqrt,csv	1	0,15	3	100	1	3	3	5	400	400	10000	100	50	800	10	300	10	1,385330629	5 minutes, 44,726 seconds	0,07782386469796465 * SUBTRACT(MIN(1900,4098757301485, x, 3,784571415809659E10, x), -37,24191021158522, DIV(33,164204256842865, x))
sqrt,csv	1	0,15	5	100	1	3	2	10	400	400	10000	100	50	800	10	300	10	1,4498589212	7 minutes, 58,652 seconds	-0,016713534688125975 * SUBTRACT(PRODUCT(x, x, -0,2239874368056829, -14,695408815691733, 1,8241366177201596E-4, 2,6318258927487237E-5, x, x, x), SIGN(x), x, -103,94156428362993, SUM(x, x, 616,6428471834431, -826,7502786555685, x, x, 431,2961212408637, x))
sqrt,csv	0	0,15	3	100	1	3	2	10	400	400	10000000000000000000000000000000000000000	100	50	800	10	300	10	1,4590005817	7 minutes, 10,657 seconds	0,002472766809600891 * SUBTRACT(DIV(x, 0,031193195920988057), -1164,6742508544553, MAX(-58,89460649876699, -494,2651534898084, -159,16078234390523, 55,362759817831545, x))
sqrt,csv	0	0,5	2	100	1	3	2	10	400	400	10000	100	50	800	10	300	10	1,4672911156	4 minutes, 29,170 seconds	-0,2036898003708828 * SUBTRACT(PRODUCT(-7,333883459481699E-6, -744,5331750351836, x, x), x)
sqrt,csv	1	0,15	3	100	1	3	2	10	400	400	10000	100	50	600	10	300	10	1,4709859579	8 minutes, 41,773 seconds	-0,02663502877247924 * MIN(SUBTRACT(-101,94899155398404, 1,8462054892354897E-6, x, x, x), PRODUCT(-0,005992025376940817, -2,9365684203233543E-9))
sqrt,csv	0	0,15	3	100	1	3	2	10	400	400	10000	100	50	800	50	300	10	1,6893786856	5 minutes, 40,355 seconds	0,11639634461128989 * MAX(31,659310523600027, MIN(x, x, x, x))
sqrt,csv	0	0,15	3	100	1	3	2	10	400	400	10000000000000000000000000000000000000000	200	50	600	50	300	10	1,6893950867	12 minutes, 11,701 seconds	0,11671469736719753 * ABS(MAX(x, -198127,84451452194, 31,210346264847587, x, -0,0020216774284776973))
sqrt,csv	0	0,15	3	100	1	3	3	5	400	400	10000	100	50	800	10	300	10	1,689889795	4 minutes, 52,571 seconds	0,11715165598525229 * ABS(MAX(x, 8,608918197578423E-12, 31,614171930040555, x))
sqrt,csv	0	0,05	2	100	1	3	2	10	0	200	10000000000000000000000000000000000000000	50	50	800	10	300	10	1,786681189	3 minutes, 41,311 seconds	0,03749586062563672 * SUBTRACT(MAX(x, x, x, 9,47857832377741E-6, 70,09971218518581), DIV(x, -0,4577171707563249))
sqrt,csv	1	0,15	3	50	1	3	2	10	400	400	10000	100	50	800	10	300	10	1,88913751	9 minutes, 11,963 seconds	0,11684467192243936 * MAX(-15,862077464634375, LESS_THAN(x, x), x, MAX(x, -1,5389964732097662E-6, 31,572324014682962, -2784,566329470662, -2,34367529301747E12), MIN(1552,795959036203, x, x))
sqrt,csv	1	0,15	3	100	1	3	2	10	400	400	10000	100	50	600	50	300	10	1,8892239101	13 minutes, 4,842 seconds	0,11694874392817128 * MAX(MAX(x, x, x, 31,386608791290207), LESS_THAN(x, x), SUBTRACT(8,070266803781917E-6, 0,005990473721587896, x, x, -4,699705431105718E-5, -2,984790937241417E-10, 0,00513864241557448))
sqrt,csv	0	0,05	2	100	1	3	2	10	400	400	10000	100	50	800	10	300	10	1,9166449602	5 minutes, 0,161 seconds	0,1251517888258568 * ABS(MAX(-2,920354923603389E15, -5673295,395839587, x, x, x, x, x, 24,2966105305876, x))
sqrt,csv	1	0,15	2	100	1	3	2	10	400	400	10000	100	50	800	10	300	10	1,9484509801	7 minutes, 1,701 seconds	8,729247479174795 * DIV(x, MAX(x, -0,27052716645354197, x, 53,18557298203268, 0,05187477834226688, 24,129465414148683, x))
sqrt,csv	0	0,15	3	100	1	3	2	10	200	400	10000	100	50	800	10	300	10	1,9495509989	4 minutes, 57,116 seconds	8,700440095770215 * DIV(x, MAX(x, -2,9920223159269547E10, 51,910230735177606))
sqrt,csv	0	0,15	3	100	1	3	2	10	400	400	10000	100	50	800	10	300	50	2,1991693173	6 minutes, 53,143 seconds	0,11970265265948385 * ABS(ABS(x))
sqrt,csv	0	0,15	3	100	1	3	2	10	400	400	10000	200	50	800	10	300	10	2,1991693245	11 minutes, 29,325 seconds	0,11970060633794743 * ABS(MAX(x, x, x, x, x, x, x, x, x))
sqrt,csv	1	0,15	3	100	1	3	2	10	400	400	10000	100	50	800	50	300	10	2,1991693368	5 minutes, 25,166 seconds	0,11969969016528365 * MAX(x, SUBTRACT(-1,923540524084444E-19, x, x), x)
sqrt,csv	1	0,15	3	100	1	3	2	10	400	200	10000	100	50	800	10	300	10	2,1991694708	4 minutes, 56,802 seconds	0,1197089436136422 * ABS(MAX(x, x, x, x, x, x, x))
sqrt,csv	0	0,15	3	100	1	3	2	10	400	400	10000	100	50	600	10	300	10	2,1991696473	5 minutes, 27,850 seconds	0,11969221788997292 * ABS(MIN(x, x, x, x, x))
sqrt,csv	0	0,15	3	100	1	3	2	10	400	400	10000	50	50	800	10	300	10	2,1991930327	2 minutes, 18,751 seconds	0,11978629572641836 * ABS(ABS(x))
sqrt,csv	0	0,15	3	100	1	5	2	10	400	400	10000	100	50	800	10	300	10	2,2036653384	8 minutes, 30,421 seconds	0,11656084273187828 * SUM(SIGN(ABS(x)), x, SIGN(ABS(x)))
sqrt,csv	1	0,15	3	100	1	5	2	10	400	400	10000	100	50	800	10	300	10	2,2460441608	6 minutes, 21,621 seconds	0,11812306726634786 * SUM(x, ABS(ABS(SIGN(x))))
sqrt,csv	0	0,15	3	50	1	3	2	10	400	400	10000	100	50	800	10	300	10	2,2961934418	6 minutes, 35,113 seconds	-0,3819749169462303 * PRODUCT(x, SUM(-0,06960008854739974, -0,008371601453153403, 12,192282666842063, x, 56,411255738978795, -8,589720386461412E-5, x), DIV(-0,10369381063805594, x))
sqrt,csv	0	0,15	3	100	1	3	2	10	400	200	10000	100	50	800	10	300	10	2,299169555	9 minutes, 43,734 seconds	0,11969371643808835 * SUM(MIN(2,7864188662151542E23, x, x, x, x, x, x, x), LESS_THAN(x, x))
sqrt,csv	1	0,15	3	100	1	3	2	10	400	400	10000000000000000000000000000000000000000	200	50	600	50	300	10	2,3991695455	21 minutes, 45,067 seconds	-0,039897962041407845 * SUBTRACT(x, x, x, 5,868729251421682E-11, MIN(x, x, 1,904866992339066E-14, x, x), ABS(x), MAX(8,776208805849971E-12, 5,680657772840641E-17, x, x, 5,213312458363437E-10, x, x, x))
sqrt,csv	1	0,15	3	100	1	3	2	10	200	400	10000	100	50	800	10	300	10	2,589454991	7 minutes, 28,716 seconds	-26,467319967954587 * DIV(MAX(x, 31,43731681693791, -0,024113322279179852, x, x, x, -0,17429176078251582, -428,7243860513885), -226,0778961971248)
sqrt,csv	0	0,15	3	100	1	3	2	10	400	700	10000	100	50	800	10	300	10	2,690485882	9 minutes, 34,530 seconds	-0,23419673501916038 * PRODUCT(MAX(x, 0,4598105554823011, -1,060791065527356, 30,619006100677225, x), SUM(0,006846366445714867, -0,5071474346254954))
sqrt,csv	0	0,15	3	100	1	3	2	10	400	400	10000	100	50	800	10	100	10	3,0992137967	3 minutes, 43,107 seconds	5,120819947193777 * ABS(DIV(x, 42,820900811204154))
sqrt,csv	0	0,15	3	100	1	3	2	10	400	400	10000000000000000000000000000000000000000	50	50	800	10	300	10	5,3434666389	4 minutes, 42,209 seconds	6,7767135620545 * LESS_THAN(SIGN(x), MAX(x, x, -5,771909320473416E-5, -5,6320491196618825, x, -72,6277226671206, x, x))
x2+x,csv	0	0,15	5	100	1	3	2	10	400	400	10000	100	50	800	10	300	10	1,1229876262	5 minutes, 14,351 seconds	-0,7172864719963963 * PRODUCT(1,3939586758055924, x, SUBTRACT(x, x, x, 0,9996145541985371))
x2+x,csv	0	0,15	3	100	1	3	2	10	400	400	10000000000000000000000000000000000000000	200	50	600	10	300	50	1,3036045403	17 minutes, 9,117 seconds	0,44341532073734746 * PRODUCT(SUM(x, x, x, 13,131524657944595, -4,732871170210924, x, x, -2,3986649043464343, x), ABS(0,9158426539596566), SIGN(-4,926862794708752), x, -0,4104308970029201)
x2+x,csv	1	0,15	3	100	1	3	2	10	400	400	10000	200	50	800	10	300	10	1,4795974229	14 minutes, 34,509 seconds	-0,709322218957916 * PRODUCT(ABS(-1,4094481050713559), x, SIGN(x), SUBTRACT(x, x, -0,04812317690651041, x, 1,0479178771281004), SIGN(x))
x2+x,csv	1	0,15	3	100	1	3	2	10	400	400	10000000000000000000000000000000000000000	200	50	800	50	300	10	1,6736053583	10 minutes, 51,521 seconds	-0,525121848203574 * PRODUCT(ABS(-0,9516814112140408), SUBTRACT(x, -0,04063171779888286, x, x), SUM(x, -0,002560759028153454, 2,090618357938961, x))
x2+x,csv	0	0,15	3	100	1	3	2	10	0	400	10000	100	50	800	10	300	10	2,1475248129	6 minutes, 45,508 seconds	-0,1585033579549618 * DIV(SUM(x, x, x, -1,889415288398956, -1,2053536574494221, x, x, x, 9,139600094637416), DIV(-0,9510164077871495, x))
x2+x,csv	1	0,15	3	500	10	3	2	10	400	400	10000	100	50	800	10	300	10	11,1019176405	7 minutes, 1,016 seconds	1,0138367749689445 * PRODUCT(SUM(-3,6078734745697734, x, x, x, x, 8,61536395899801, x), EXP(0,07102466561886786), x, 0,18374570049982242)
x2+x,csv	1	0,15	3	100	1	3	2	10	400	400	10000000000000000000000000000000000000000	200	50	600	10	300	10	12,2952484778	18 minutes, 17,072 seconds	-0,9997876050225813 * SUBTRACT(LESS_THAN(x, 194,11889572847804), PRODUCT(x, x), x, -53,63601253135229, TANH(x), MAX(3,1145758301920904E-7, x, 54,827628561774446))
x2+x,csv	0	0,15	3	100	1	3	2	10	400	400	10000	100	50	800	10	100	50	13,0555708094	4 minutes, 0,074 seconds	0,6967509608846827 * PRODUCT(0,5574583619114148, DIV(x, x), SUM(x, 2,9698730541475067, 0,02772520925235636, x, x), x, SIN(1,0331885032085508))
x2+x,csv	0	0,15	3	100	1	3	2	10	400	400	10000	50	50	800	10	300	10	75,9622545541	1 minutes, 58,768 seconds	0,43140217605081577 * SUM(LESS_THAN(x, 5,1875387908856805), PRODUCT(1,5415725970000889, x, 0,7973965176424374, 1,8821236775504042, x), MAX(-35891,46594060383, x, x, x, -2,38996740385347E7), x, MIN(x, x))
x2+x,csv	1	0,15	3	100	1	3	2	10	400	200	10000	100	50	800	10	300	10	103,1419725551	16 minutes, 12,875 seconds	0,6537028580720108 * SUM(x, TANH(x), PRODUCT(-1,111086391236904, x, x, -1,3780793341448447))
x2+x,csv	0	1	2	100	1	3	2	10	400	400	10000	100	50	800	10	300	10	133,0024270635	10 minutes, 28,174 seconds	0,5453591298534177 * SUM(SQRT(x), SQRT(x), MIN(x, x, x, x, x, 6,701185539828735, x), PRODUCT(x, x), PRODUCT(0,8656513720122545, x, x), x, -21,89373984373283)
x2+x,csv	1	0,5	2	100	1	3	2	10	400	400	10000	100	50	800	10	300	10	223,6477945873	7 minutes, 52,031 seconds	1,0136960881378685 * SUM(x, PRODUCT(x, x), SQRT(x), MIN(-13,199467300979087, x, -7,768986289777913E-15))
x2+x,csv	1	0,15	3	100	1	3	2	10	400	400	10000	100	50	800	10	300	10	225,0187267834	12 minutes, 11,389 seconds	-0,7490701522892196 * SUBTRACT(TANH(x), SIN(x), MAX(50,21027062617, x, x, x, x, x), x, DIV(x, x), SIGN(-1,1303990328271617E13), x, PRODUCT(1,3336769967839124, x, x), LN(4,861100713939169E-22))
x2+x,csv	0	0,15	3	100	1	3	2	10	400	400	10000000000000000000000000000000000000000	200	50	600	10	300	10	304,7074205291	10 minutes, 48,600 seconds	-0,40236066758072386 * SUBTRACT(PRODUCT(x, 1,0610219195341348, 0,5263438005587053, -0,2412825262993677, 7,313211583840303, x, 2,521839567368562), x)
x2+x,csv	0	0,15	3	1000	10	3	2	10	400	400	10000	100	50	800	10	300	10	334,4931824155	14 minutes, 46,826 seconds	0,6879624036372582 * SUM(SIGN(x), PRODUCT(-0,03583563353773052, x, x), x, MAX(x, 4,624359426155773E-5, 0,024968001419688315, -1,2780665674129935E7, 21,251042471435397, -3,236639074386479E-7), -2,2702256491316908E-7, PRODUCT(1,093643107946952, x, 1,343774282969889, x), MIN(x, x, x))
x2+x,csv	0	0,15	3	100	1	3	2	10	400	400	10000000000000000000000000000000000000000	200	50	800	50	300	10	518,6240918243	15 minutes, 30,700 seconds	0,8858459176884466 * SUM(-1,9588449870057347E-5, PRODUCT(x, x, 1,1281776853570324), x, SQRT(-3,3769864695308739E18), DIV(x, x), x)
x2+x,csv	0	0,15	3	100	1	3	2	10	400	200	10000	100	50	800	10	300	10	777,7493439639	4 minutes, 57,846 seconds	0,9988500778797502 * SUM(PRODUCT(x, x), LN(x))
x2+x,csv	0	0,15	3	100	1	3	2	10	400	700	10000	100	50	800	10	300	10	842,0533004178	7 minutes, 51,741 seconds	-1,4731042920955568 * SUM(SQRT(0,08386023717035107), -0,001062564734202355, ABS(-2,391568431559661E-5), 0,13774027259645721, DIV(-20,898651482027645, x), PRODUCT(-1,4691545524488978, x, x, -0,23128842581081233, -1,9992442396233407), SQRT(-1169,7415514525687))
x2+x,csv	0	0,15	3	100	1	3	2	10	400	400	10000000000000000000000000000000000000000	200	50	800	10	300	10	851,1000005506	9 minutes, 37,467 seconds	1,0000006507091768 * ABS(PRODUCT(x, x))
x2+x,csv	1	0,15	3	100	1	3	2	10	400	400	10000000000000000000000000000000000000000	200	50	600	10	100	50	851,10000074	14 minutes, 45,437 seconds	0,31804233422576755 * ABS(PRODUCT(-1,75642978377289, x, -1,7901274301655956, x))
x2+x,csv	1	0,15	3	100	1	3	2	10	200	400	10000	100	50	800	10	300	10	851,1000718543	5 minutes, 1,742 seconds	0,9999925663952416 * ABS(PRODUCT(x, x))
x2+x,csv	0	0,15	3	100	1	3	2	10	400	400	10000000000000000000000000000000000000000	100	50	800	10	300	10	851,101788928	8 minutes, 52,640 seconds	1,1888129435566817 * ABS(PRODUCT(x, x, -0,8411440288619176))
x2+x,csv	0	0,15	3	100	1	3	2	10	400	400	10000	200	50	800	10	300	10	851,1027748757	6 minutes, 58,357 seconds	1,0000461950004853 * ABS(PRODUCT(x, x))
x2+x,csv	1	0,15	3	100	1	3	2	10	400	400	10000000000000000000000000000000000000000	200	50	600	10	100	10	851,1257455291	5 minutes, 4,859 seconds	0,5189644294131193 * SUM(PRODUCT(1,3658504313789002, x, 1,5560775228572088, 0,9068170878352235, x), -0,3474327823893846)
x2+x,csv	1	0,15	3	100	1	3	2	10	400	400	10000000000000000000000000000000000000000	200	50	800	10	300	10	851,1286037205	9 minutes, 53,043 seconds	1,0001483147936194 * ABS(PRODUCT(x, x))
x2+x,csv	0	0,15	3	100	1	3	2	10	400	400	10000	100	50	600	10	300	10	851,1647788397	3 minutes, 47,081 seconds	-0,9997768022607643 * PRODUCT(x, SIGN(-2,038523466584779E15), x)
x2+x,csv	1	0,15	3	100	1	3	3	5	400	400	10000	100	50	800	10	300	10	851,3007836387	10 minutes, 33,160 seconds	-0,7361086240862473 * MIN(SUM(x, 4,375820398346898E24, -1,9332323356560416E21), PRODUCT(x, x, -1,3584618063556322), SIGN(x))
x2+x,csv	1	0,15	3	100	1	3	2	10	400	400	10000000000000000000000000000000000000000	200	50	600	50	300	10	852,0148673594	14 minutes, 43,159 seconds	1,0001069276763386 * DIV(PRODUCT(x, x, x), x)
x2+x,csv	1	0,15	3	100	1	3	2	10	400	400	10000000000000000000000000000000000000000	200	50	600	10	300	50	852,1000291801	55 minutes, 13,031 seconds	0,8497981130726275 * DIV(MIN(1,8592905583490704E63, x, x, 1,0419627638617299E52, x, x), DIV(0,8498021387069752, x))
x2+x,csv	0	0,15	3	100	1	3	2	10	400	400	10000	100	50	600	50	300	10	852,1014962835	7 minutes, 24,828 seconds	-2,1386800127201715 * DIV(PRODUCT(-0,4675622683867665, x, x), LESS_THAN(1,0782008269726339E-8, 1,4935753115779076E7))
x2+x,csv	0	0,15	3	100	1	3	3	5	400	400	10000	100	50	800	10	300	10	861,0000008187	4 minutes, 24,636 seconds	1,0052562619857954 * PRODUCT(x, COS(-0,10231453400196014), x)
x2+x,csv	0	0,15	3	100	1	3	2	10	400	400	10000000000000000000000000000000000000000	200	50	600	10	100	50	861,1791071942	49 minutes, 29,269 seconds	1,3595819690499922 * MAX(LESS_THAN(x, x), ABS(x), LN(2,799042665633765E-4), ABS(x), MIN(x, -1,711542930480333E-11, x, x, -0,03486660827705722, x, 0,02343779560836609, 1,903272663473412E-9, x), PRODUCT(0,735513769494252, x, x), x, SUM(-5,010386427776947, x, x, 0,013326991536320248, x, x, x))
x2+x,csv	0	0,15	2	100	1	3	2	10	400	400	10000	100	50	800	10	300	10	861,2018950842	9 minutes, 8,446 seconds	0,9999843829838895 * PRODUCT(MIN(x, x, x, 3,6821851421196847E25, x), SIGN(x), x, TANH(x))
x2+x,csv	1	0,15	3	100	1	3	2	10	400	400	10000	100	50	800	10	300	50	861,2225020531	12 minutes, 25,838 seconds	-0,9737351751000882 * MIN(ABS(40,92537296678785), 8,003922830485508E-10, SQRT(x), x, 8,1998486104362253E17, PRODUCT(x, x, -1,0268381769075172))
x2+x,csv	1	0,15	3	100	1	3	2	10	400	400	10000	100	50	600	10	300	10	861,576957462	13 minutes, 17,267 seconds	0,571426642524655 * MAX(ABS(1,4387304537374562E-8), SIGN(x), MAX(x, x, x, 1,4232406658949536E-6, x, -2,0710558769504401E-4, 2,8427475279818416E-7, x), TANH(-716914,3717229954), PRODUCT(1,750431641049604, x, x), SUBTRACT(-3,754151823852448E-4, x, x, x, 0,043597529670279404, x, 53,22596184309278, 3,600985193395825E-14))
x2+x,csv	0	0,15	3	100	1	3	2	10	400	400	10000000000000000000000000000000000000000	50	50	800	10	300	10	862,4914036497	5 minutes, 29,148 seconds	-1,7993532697399672 * MIN(SUM(245,37623841766464, -6,097168068881345, x), PRODUCT(x, x, 0,791448180528209, 0,9290444612085724, -0,7556563721236738), 1,4292204437622456, 0,2808870414636906, SUM(x, -25,238624972039247, x, 6,454360749352847, -43,64360592375104, 63646,96936337542), MIN(x, 1989,158761675335, 28,727679584122882, x), DIV(x, x), LN(-0,32647067204569324))
x2+x,csv	1	0,15	3	100	1	3	2	10	400	400	10000	100	50	600	50	300	10	871,313579685	5 minutes, 42,153 seconds	1,3985852564546655 * MAX(-0,3417085432280784, -0,5763633584599397, -94,65026024181596, SIGN(x), TANH(x), PRODUCT(0,40768728591910397, 1,753972529609504, x, x), x, LN(x), ABS(x))
x2+x,csv	1	0,15	5	100	1	3	2	10	400	400	10000	100	50	800	10	300	10	871,3197453585	11 minutes, 30,687 seconds	0,9999129827927296 * MAX(ABS(x), PRODUCT(x, x), SIN(x), 1,0300621009126104E-5, COS(x), SIGN(165,63209922090778))
x2+x,csv	1	1	2	100	1	3	2	10	400	400	10000	100	50	800	10	300	10	873,7147819054	8 minutes, 11,594 seconds	-0,4538201140554037 * SUM(PRODUCT(-2,2137254435855533, x, x), COS(x), MAX(5,448602242529226, x, 0,04122809432389547, -9241629,006843532, 56,269033768196664, 1,3219860137151924, -0,08351477964059403, x), 5,32703778195863, -53,41424999645771)
x2+x,csv	1	0,15	3	50	1	3	2	10	400	400	10000	100	50	800	10	300	10	881,1068881861	6 minutes, 43,484 seconds	5,257294630976687E-4 * SUM(TANH(x), COS(-3,428786342729914), PRODUCT(x, x, 1901,6615095109692), 392,63246805023675, SIN(-0,3792311302785313))
x2+x,csv	1	0,15	3	100	1	5	2	10	400	400	10000	100	50	800	10	300	10	882,0754275049	52 minutes, 28,241 seconds	0,9993953342626312 * MAX(LESS_THAN(145,3568225515709, ABS(TANH(-0,20439066990084281))), PRODUCT(LN(EXP(x)), x), x, SIGN(-5075756,844720848), SIGN(-5075756,844720848), x, SIGN(-5075756,844720848), x)
x2+x,csv	0	0,15	3	100	1	3	2	10	400	400	10000	100	50	800	10	100	10	1455,1397272462	1 minutes, 30,048 seconds	-0,5637548587889787 * DIV(PRODUCT(x, x), TANH(-0,6212046306466561))
x2+x,csv	1	0,15	3	100	1	3	2	10	400	700	10000	100	50	800	10	300	10	3809,618862374	3 minutes, 17,513 seconds	-2792,993499827626 * SIN(PRODUCT(-0,26524041682353316, x, 0,14844449043183905, 1,0571980897635496, -0,13682971566243018, -0,0680279687073723, x))
x2+x,csv	0	0,15	3	100	1	3	2	10	400	400	10000	100	50	800	50	300	10	4816,5946964746	9 minutes, 2,381 seconds	0,4590531747997647 * SUBTRACT(x, MAX(x, 66,31194737573487), PRODUCT(x, -2,1823914888307403, x), x, x, ABS(4,138607167196191E-18), x, LN(9,35273437950787E-28), x)
x2+x,csv	0	0,5	2	100	1	3	2	10	400	400	10000	100	50	800	10	300	10	4916,8885863949	10 minutes, 36,814 seconds	-0,80187381982488 * DIV(x, DIV(-0,8493625596653103, x))
x2+x,csv	0	0,15	3	100	1	3	2	10	200	400	10000	100	50	800	10	300	10	33744,4190757236	7 minutes, 16,695 seconds	0,024195745254258764 * PRODUCT(x, ABS(x), MIN(x, x, 41,55171883418653))
x2+x,csv	0	0,15	3	500	10	3	2	10	400	400	10000	100	50	800	10	300	10	36930,0638730157	4 minutes, 30,545 seconds	-1,0106299543740618 * PRODUCT(x, ABS(x), x, -0,022863016522134738)
x2+x,csv	1	0,15	3	100	1	3	2	10	600	400	10000	100	50	800	10	300	10	36930,0673370473	3 minutes, 37,069 seconds	0,3420624820681075 * ABS(PRODUCT(-0,06754729472349347, x, x, x))
x2+x,csv	0	0,15	3	100	1	3	2	10	400	400	10000000000000000000000000000000000000000	200	50	600	10	100	10	36930,0702880796	5 minutes, 19,148 seconds	0,053437231886189984 * ABS(PRODUCT(-0,4323767071153666, x, x, x))
x2+x,csv	1	0,15	3	100	1	3	2	10	0	400	10000	100	50	800	10	300	10	38257,5549888298	14 minutes, 8,854 seconds	24,533064634629397 * SUM(ABS(x), SIN(-141,77503689325084), TANH(x), LESS_THAN(40,544533477284844, x), MAX(-9,968549923928204E10, -17,892102383652222, -2,28851590989069824E17, -1,9205002018824425E10), ABS(x), LN(x))
x2+x,csv	0	0,15	3	100	1	3	2	10	400	400	10000000000000000000000000000000000000000	200	50	600	50	300	10	47525,4318178285	22 minutes, 19,976 seconds	0,1831588190390977 * SUM(TANH(14,84058396509851), PRODUCT(x, 0,44278675301804604, x, -1,778597850764596, -0,2705788543529678, 0,014696466006474684, x, 0,7322043582510072, x), MAX(x, -0,9754017786047068, x, x, x, -8,996352528890211E-6, -1,071340390317824E-9, 1647,2128480211068), MAX(x, -4,002566402399866))
x2+x,csv	1	0,15	3	100	1	3	2	10	400	400	10000000000000000000000000000000000000000	50	50	800	10	300	10	47984,0047322181	4 minutes, 3,202 seconds	-0,6268084261771691 * SUM(-0,002005845421649251, PRODUCT(2,260804907576584, x, -7,008149653075502E-4, 0,45107492106234304, x, 0,9388563318243561, x, x), -488,3242442305521, ABS(3,7549100160768782), SIGN(3,5997227979803906E12), SIGN(x))
x2+x,csv	1	0,15	3	100	1	3	2	10	400	400	10000	100	50	800	10	100	50	49041,0927710945	9 minutes, 59,678 seconds	-0,011079162245577413 * SUM(x, PRODUCT(x, x), -4852,478768452358, -22798,194540015313, -61,33856949191656, SIN(x), PRODUCT(x, 0,1702451406632329, x, -0,2392210561588201, x, 0,9414819753718788, x), SIN(x), LESS_THAN(x, x))
x2+x,csv	0	0,15	3	100	1	5	2	10	400	400	10000	100	50	800	10	300	10	63799,9281733346	15 minutes, 30,398 seconds	11,061694846415339 * ABS(SUBTRACT(SQRT(DIV(x, x)), SUM(x, -30,24197559827924, -0,11547325752310056, x, x, SUBTRACT(-7,924452235829495, -1,386565531883116, x, x, x), SIGN(x), ABS(-2,775174839975525E-8)), x, MIN(LN(x), SUM(x, x, 2,975820867714125, x, 58,43093594741703, 39,53796310684852, x, 28,98809056652368)), x, 45,160919496952445, x))
x2+x,csv	0	0,05	2	100	1	3	2	10	400	400	10000	100	50	800	10	300	10	64265,591438832	13 minutes, 10,304 seconds	-34,212544574558294 * MIN(MAX(x, 1,5832796623927245E7, x, -0,009437522693944295, 25,508901888858368, 6,069671570895812E-8, x, x), SIN(x), x, LN(0,006058516783139834), SUBTRACT(68,67391596004236, x, x, x))
x2+x,csv	0	0,15	3	100	1	3	2	10	400	400	10000	100	50	800	10	300	10	81252,6406833341	7 minutes, 9,819 seconds	38,83470866088733 * MAX(SIGN(x), SQRT(-866,7086381231129), x, MAX(x, x), PRODUCT(-4,380024995633718, 2,75486528069938, 0,11946802093035352, x, 0,6585837510086887), TANH(-1,3755319597561328E-11))
x2+x,csv	1	0,15	3	100	1	3	2	10	400	400	10000	100	50	800	50	300	10	81443,5339954795	5 minutes, 15,349 seconds	9,468194845506638 * ABS(SUBTRACT(x, x, -1,575513654761477, x, 4,242998479545777, x, x, x))
x2+x,csv	1	0,15	3	100	1	3	2	10	400	400	10000000000000000000000000000000000000000	100	50	800	10	300	10	81443,8426832898	3 minutes, 19,899 seconds	37,89040452664767 * ABS(SUM(x, 0,6663786061783221))
x2+x,csv	0	0,15	3	50	1	3	2	10	400	400	10000	100	50	800	10	300	10	81444,4215322089	4 minutes, 24,664 seconds	12,612979585207373 * ABS(SUBTRACT(x, 2,9303115975761447, -0,9713295553139525, x, 0,9228113193492491, -0,8795158112771433, x, x, x))
x2+x,csv	1	0,15	2	100	1	3	2	10	400	400	10000	100	50	800	10	300	10	82080,9696476155	4 minutes, 36,320 seconds	37,871655298599705 * ABS(MIN(x, x))
x2+x,csv	0	0,15	3	100	1	3	2	10	600	400	10000	100	50	800	10	300	10	82080,9822217886	4 minutes, 11,753 seconds	37,87515089552032 * ABS(MIN(1,2049494398868096E31, x, x))
x2+x,csv	1	0,05	2	100	1	3	2	10	400	400	10000	100	50	800	10	300	10	82080,9921199143	4 minutes, 51,700 seconds	37,86613217501073 * ABS(MAX(x, -3,2858914963668696E16, -1,2001616725308878E24, x, -2,2503517478275975E15, -3,6678680035847875E18, x))
x2+x,csv	1	0,15	3	1000	10	3	2	10	400	400	10000	100	50	800	10	300	10	82081,0697067969	5 minutes, 27,832 seconds	37,871740090309885 * MIN(ABS(x), ABS(3,226002489563669E9))
x2+x,csv	1	0,15	3	100	1	3	5	10	400	400	10000	100	50	800	10	300	10	82081,8695685131	5 minutes, 24,662 seconds	0,8302193859067244 * ABS(DIV(x, -0,021922252122054682))
x2+x,csv	1	0,15	3	100	1	3	2	10	400	400	10000	50	50	800	10	300	10	82081,8696711212	2 minutes, 2,734 seconds	20,954743016235838 * ABS(PRODUCT(x, 1,8072702259180748))
x2+x,csv	1	0,15	3	100	1	3	2	10	400	400	10000	100	50	800	10	100	10	184086,142202693	3 minutes, 17,609 seconds	0,5760402310656418 * MAX(SUM(0,45865463412277485, x, -0,550986293689272, x, x, x), PRODUCT(x, x, -0,29573564437980626, -0,002204130659540615, x, x), LESS_THAN(0,8082364171803142, -0,5599044713350165), SUBTRACT(x, -0,9541578827330617, x, -0,49164535316587354, x, -0,6835156485121532, 0,20377907129053296, x, x), 0,679976613293352, 0,956681613409925)
x2+x,csv	0	0,15	3	100	1	3	5	10	400	400	10000	100	50	800	10	300	10	210587,988160819	3 minutes, 48,542 seconds	342,8906004111118 * LN(PRODUCT(18,0267853993198, -0,9399787821830925, x, -0,0019028755422911, x))
x2+x,csv	0	0,15	3	100	1	3	2	10	400	400	10000	100	50	800	10	300	50	351368,752697032	9 minutes, 13,052 seconds	12,475049574072337 * MAX(x, MAX(3,777951225662103E-5, x, x, -2,2941500007192713E-8, x, -14,901969622939106, x, -493,5252568743258, x), ABS(50,86787217504727), SUM(-35,5725010994999, x, -32,04305045448589, x, x, x, x), EXP(0,6708585944743177), SIGN(x), x, x, x)
